record_id,poi_id,record_time,passenger_flow,occupancy_rate
1,1,2025-12-24 08:00:00,1140,0.14
2,1,2025-12-24 09:00:00,2152,0.27
3,1,2025-12-24 10:00:00,1886,0.24
4,1,2025-12-24 11:00:00,2662,0.33
5,1,2025-12-24 12:00:00,3689,0.46
6,1,2025-12-24 13:00:00,2654,0.33
7,1,2025-12-24 14:00:00,4608,0.58
8,1,2025-12-24 15:00:00,2595,0.32
9,1,2025-12-24 16:00:00,4646,0.58
10,1,2025-12-24 17:00:00,1698,0.21
11,1,2025-12-24 18:00:00,1911,0.24
12,1,2025-12-24 19:00:00,1743,0.22
13,2,2025-12-24 08:00:00,2389,0.16
14,2,2025-12-24 09:00:00,2214,0.15
15,2,2025-12-24 10:00:00,3449,0.23
16,2,2025-12-24 11:00:00,5638,0.38
17,2,2025-12-24 12:00:00,6920,0.46
18,2,2025-12-24 13:00:00,4641,0.31
19,2,2025-12-24 14:00:00,5259,0.35
20,2,2025-12-24 15:00:00,9445,0.63
21,2,2025-12-24 16:00:00,3988,0.27
22,2,2025-12-24 17:00:00,7065,0.47
23,2,2025-12-24 18:00:00,3507,0.23
24,2,2025-12-24 19:00:00,5217,0.35
25,3,2025-12-24 08:00:00,3485,0.35
26,3,2025-12-24 09:00:00,4233,0.42
27,3,2025-12-24 10:00:00,5230,0.52
28,3,2025-12-24 11:00:00,2444,0.24
29,3,2025-12-24 12:00:00,6171,0.62
30,3,2025-12-24 13:00:00,6203,0.62
31,3,2025-12-24 14:00:00,2362,0.24
32,3,2025-12-24 15:00:00,3258,0.33
33,3,2025-12-24 16:00:00,5961,0.6
34,3,2025-12-24 17:00:00,3910,0.39
35,3,2025-12-24 18:00:00,3850,0.39
36,3,2025-12-24 19:00:00,3584,0.36
37,4,2025-12-24 08:00:00,2021,0.25
38,4,2025-12-24 09:00:00,3370,0.42
39,4,2025-12-24 10:00:00,3309,0.41
40,4,2025-12-24 11:00:00,1298,0.16
41,4,2025-12-24 12:00:00,4086,0.51
42,4,2025-12-24 13:00:00,4057,0.51
43,4,2025-12-24 14:00:00,3512,0.44
44,4,2025-12-24 15:00:00,2231,0.28
45,4,2025-12-24 16:00:00,5210,0.65
46,4,2025-12-24 17:00:00,1836,0.23
47,4,2025-12-24 18:00:00,3220,0.4
48,4,2025-12-24 19:00:00,1713,0.21
49,5,2025-12-24 08:00:00,3313,0.14
50,5,2025-12-24 09:00:00,4958,0.21
51,5,2025-12-24 10:00:00,7036,0.3
52,5,2025-12-24 11:00:00,9100,0.38
53,5,2025-12-24 12:00:00,8900,0.37
54,5,2025-12-24 13:00:00,17066,0.72
55,5,2025-12-24 14:00:00,14289,0.6
56,5,2025-12-24 15:00:00,7115,0.3
57,5,2025-12-24 16:00:00,11519,0.49
58,5,2025-12-24 17:00:00,12423,0.52
59,5,2025-12-24 18:00:00,4422,0.19
60,5,2025-12-24 19:00:00,7799,0.33
61,6,2025-12-24 08:00:00,17306,0.39
62,6,2025-12-24 09:00:00,16440,0.37
63,6,2025-12-24 10:00:00,18312,0.42
64,6,2025-12-24 11:00:00,24862,0.57
65,6,2025-12-24 12:00:00,11770,0.27
66,6,2025-12-24 13:00:00,14891,0.34
67,6,2025-12-24 14:00:00,26241,0.6
68,6,2025-12-24 15:00:00,12647,0.29
69,6,2025-12-24 16:00:00,21006,0.48
70,6,2025-12-24 17:00:00,13142,0.3
71,6,2025-12-24 18:00:00,17930,0.41
72,6,2025-12-24 19:00:00,8612,0.2
73,7,2025-12-24 08:00:00,11972,0.24
74,7,2025-12-24 09:00:00,22361,0.45
75,7,2025-12-24 10:00:00,8693,0.17
76,7,2025-12-24 11:00:00,14682,0.29
77,7,2025-12-24 12:00:00,26877,0.54
78,7,2025-12-24 13:00:00,30661,0.61
79,7,2025-12-24 14:00:00,20085,0.4
80,7,2025-12-24 15:00:00,14337,0.29
81,7,2025-12-24 16:00:00,10471,0.21
82,7,2025-12-24 17:00:00,15227,0.3
83,7,2025-12-24 18:00:00,21717,0.43
84,7,2025-12-24 19:00:00,11923,0.24
85,8,2025-12-24 08:00:00,5491,0.38
86,8,2025-12-24 09:00:00,5649,0.39
87,8,2025-12-24 10:00:00,4088,0.28
88,8,2025-12-24 11:00:00,5561,0.39
89,8,2025-12-24 12:00:00,4681,0.33
90,8,2025-12-24 13:00:00,3427,0.24
91,8,2025-12-24 14:00:00,6546,0.46
92,8,2025-12-24 15:00:00,4108,0.29
93,8,2025-12-24 16:00:00,4854,0.34
94,8,2025-12-24 17:00:00,3630,0.25
95,8,2025-12-24 18:00:00,5268,0.37
96,8,2025-12-24 19:00:00,3756,0.26
97,9,2025-12-24 08:00:00,19889,0.19
98,9,2025-12-24 09:00:00,23051,0.22
99,9,2025-12-24 10:00:00,40635,0.39
100,9,2025-12-24 11:00:00,54122,0.51
101,9,2025-12-24 12:00:00,64384,0.61
102,9,2025-12-24 13:00:00,26792,0.25
103,9,2025-12-24 14:00:00,37147,0.35
104,9,2025-12-24 15:00:00,61589,0.59
105,9,2025-12-24 16:00:00,69904,0.66
106,9,2025-12-24 17:00:00,23824,0.23
107,9,2025-12-24 18:00:00,55463,0.53
108,9,2025-12-24 19:00:00,38100,0.36
109,10,2025-12-24 08:00:00,36175,0.35
110,10,2025-12-24 09:00:00,38358,0.37
111,10,2025-12-24 10:00:00,24879,0.24
112,10,2025-12-24 11:00:00,31037,0.3
113,10,2025-12-24 12:00:00,51730,0.51
114,10,2025-12-24 13:00:00,34848,0.34
115,10,2025-12-24 14:00:00,57772,0.56
116,10,2025-12-24 15:00:00,33994,0.33
117,10,2025-12-24 16:00:00,49870,0.49
118,10,2025-12-24 17:00:00,19079,0.19
119,10,2025-12-24 18:00:00,26023,0.25
120,10,2025-12-24 19:00:00,24138,0.24
121,11,2025-12-24 08:00:00,23523,0.26
122,11,2025-12-24 09:00:00,30771,0.34
123,11,2025-12-24 10:00:00,26343,0.29
124,11,2025-12-24 11:00:00,51108,0.57
125,11,2025-12-24 12:00:00,35194,0.39
126,11,2025-12-24 13:00:00,19232,0.21
127,11,2025-12-24 14:00:00,62589,0.7
128,11,2025-12-24 15:00:00,31720,0.35
129,11,2025-12-24 16:00:00,57594,0.64
130,11,2025-12-24 17:00:00,44922,0.5
131,11,2025-12-24 18:00:00,44862,0.5
132,11,2025-12-24 19:00:00,36762,0.41
133,12,2025-12-24 08:00:00,454,0.28
134,12,2025-12-24 09:00:00,189,0.12
135,12,2025-12-24 10:00:00,772,0.48
136,12,2025-12-24 11:00:00,359,0.22
137,12,2025-12-24 12:00:00,755,0.47
138,12,2025-12-24 13:00:00,953,0.6
139,12,2025-12-24 14:00:00,611,0.38
140,12,2025-12-24 15:00:00,391,0.24
141,12,2025-12-24 16:00:00,723,0.45
142,12,2025-12-24 17:00:00,934,0.58
143,12,2025-12-24 18:00:00,323,0.2
144,12,2025-12-24 19:00:00,223,0.14
145,13,2025-12-24 08:00:00,8598,0.14
146,13,2025-12-24 09:00:00,15398,0.24
147,13,2025-12-24 10:00:00,30844,0.49
148,13,2025-12-24 11:00:00,21580,0.34
149,13,2025-12-24 12:00:00,32849,0.52
150,13,2025-12-24 13:00:00,36711,0.58
151,13,2025-12-24 14:00:00,39352,0.62
152,13,2025-12-24 15:00:00,19241,0.31
153,13,2025-12-24 16:00:00,30130,0.48
154,13,2025-12-24 17:00:00,20620,0.33
155,13,2025-12-24 18:00:00,28311,0.45
156,13,2025-12-24 19:00:00,25828,0.41
157,14,2025-12-24 08:00:00,8196,0.13
158,14,2025-12-24 09:00:00,27567,0.42
159,14,2025-12-24 10:00:00,14602,0.22
160,14,2025-12-24 11:00:00,27226,0.42
161,14,2025-12-24 12:00:00,13095,0.2
162,14,2025-12-24 13:00:00,31418,0.48
163,14,2025-12-24 14:00:00,24994,0.38
164,14,2025-12-24 15:00:00,45358,0.7
165,14,2025-12-24 16:00:00,23372,0.36
166,14,2025-12-24 17:00:00,10817,0.17
167,14,2025-12-24 18:00:00,22397,0.34
168,14,2025-12-24 19:00:00,16935,0.26
169,15,2025-12-24 08:00:00,6862,0.18
170,15,2025-12-24 09:00:00,12466,0.33
171,15,2025-12-24 10:00:00,6254,0.17
172,15,2025-12-24 11:00:00,12900,0.34
173,15,2025-12-24 12:00:00,15759,0.42
174,15,2025-12-24 13:00:00,25278,0.67
175,15,2025-12-24 14:00:00,28598,0.76
176,15,2025-12-24 15:00:00,10496,0.28
177,15,2025-12-24 16:00:00,7254,0.19
178,15,2025-12-24 17:00:00,17447,0.47
179,15,2025-12-24 18:00:00,7253,0.19
180,15,2025-12-24 19:00:00,14495,0.39
181,16,2025-12-24 08:00:00,6669,0.16
182,16,2025-12-24 09:00:00,19585,0.47
183,16,2025-12-24 10:00:00,7403,0.18
184,16,2025-12-24 11:00:00,19704,0.47
185,16,2025-12-24 12:00:00,8759,0.21
186,16,2025-12-24 13:00:00,22409,0.53
187,16,2025-12-24 14:00:00,13237,0.32
188,16,2025-12-24 15:00:00,29032,0.69
189,16,2025-12-24 16:00:00,25120,0.6
190,16,2025-12-24 17:00:00,12240,0.29
191,16,2025-12-24 18:00:00,20573,0.49
192,16,2025-12-24 19:00:00,17307,0.41
193,17,2025-12-24 08:00:00,3185,0.27
194,17,2025-12-24 09:00:00,3103,0.27
195,17,2025-12-24 10:00:00,3442,0.29
196,17,2025-12-24 11:00:00,6476,0.55
197,17,2025-12-24 12:00:00,2309,0.2
198,17,2025-12-24 13:00:00,4682,0.4
199,17,2025-12-24 14:00:00,7186,0.61
200,17,2025-12-24 15:00:00,7540,0.64
201,17,2025-12-24 16:00:00,7726,0.66
202,17,2025-12-24 17:00:00,4295,0.37
203,17,2025-12-24 18:00:00,1585,0.14
204,17,2025-12-24 19:00:00,4360,0.37
205,18,2025-12-24 08:00:00,60931,0.3
206,18,2025-12-24 09:00:00,23877,0.12
207,18,2025-12-24 10:00:00,89805,0.45
208,18,2025-12-24 11:00:00,106287,0.53
209,18,2025-12-24 12:00:00,52081,0.26
210,18,2025-12-24 13:00:00,84307,0.42
211,18,2025-12-24 14:00:00,147564,0.73
212,18,2025-12-24 15:00:00,44796,0.22
213,18,2025-12-24 16:00:00,84591,0.42
214,18,2025-12-24 17:00:00,34348,0.17
215,18,2025-12-24 18:00:00,55464,0.28
216,18,2025-12-24 19:00:00,33861,0.17
217,19,2025-12-24 08:00:00,2444,0.32
218,19,2025-12-24 09:00:00,1564,0.21
219,19,2025-12-24 10:00:00,4018,0.53
220,19,2025-12-24 11:00:00,4038,0.53
221,19,2025-12-24 12:00:00,1759,0.23
222,19,2025-12-24 13:00:00,3393,0.45
223,19,2025-12-24 14:00:00,3390,0.45
224,19,2025-12-24 15:00:00,5116,0.67
225,19,2025-12-24 16:00:00,4051,0.53
226,19,2025-12-24 17:00:00,4355,0.57
227,19,2025-12-24 18:00:00,3664,0.48
228,19,2025-12-24 19:00:00,3402,0.45
229,20,2025-12-24 08:00:00,2183,0.34
230,20,2025-12-24 09:00:00,1664,0.26
231,20,2025-12-24 10:00:00,1514,0.23
232,20,2025-12-24 11:00:00,2438,0.38
233,20,2025-12-24 12:00:00,2972,0.46
234,20,2025-12-24 13:00:00,1673,0.26
235,20,2025-12-24 14:00:00,1467,0.23
236,20,2025-12-24 15:00:00,3902,0.6
237,20,2025-12-24 16:00:00,1721,0.26
238,20,2025-12-24 17:00:00,3842,0.59
239,20,2025-12-24 18:00:00,3167,0.49
240,20,2025-12-24 19:00:00,1158,0.18
241,21,2025-12-24 08:00:00,16640,0.37
242,21,2025-12-24 09:00:00,19904,0.44
243,21,2025-12-24 10:00:00,21241,0.47
244,21,2025-12-24 11:00:00,9036,0.2
245,21,2025-12-24 12:00:00,15606,0.35
246,21,2025-12-24 13:00:00,11881,0.26
247,21,2025-12-24 14:00:00,21426,0.48
248,21,2025-12-24 15:00:00,16237,0.36
249,21,2025-12-24 16:00:00,16520,0.37
250,21,2025-12-24 17:00:00,8079,0.18
251,21,2025-12-24 18:00:00,17597,0.39
252,21,2025-12-24 19:00:00,5286,0.12
253,22,2025-12-24 08:00:00,55133,0.34
254,22,2025-12-24 09:00:00,32812,0.2
255,22,2025-12-24 10:00:00,46436,0.29
256,22,2025-12-24 11:00:00,76473,0.47
257,22,2025-12-24 12:00:00,43648,0.27
258,22,2025-12-24 13:00:00,56927,0.35
259,22,2025-12-24 14:00:00,60110,0.37
260,22,2025-12-24 15:00:00,38758,0.24
261,22,2025-12-24 16:00:00,45523,0.28
262,22,2025-12-24 17:00:00,90367,0.56
263,22,2025-12-24 18:00:00,30125,0.19
264,22,2025-12-24 19:00:00,30889,0.19
265,23,2025-12-24 08:00:00,3749,0.14
266,23,2025-12-24 09:00:00,8956,0.34
267,23,2025-12-24 10:00:00,9994,0.38
268,23,2025-12-24 11:00:00,6895,0.27
269,23,2025-12-24 12:00:00,5651,0.22
270,23,2025-12-24 13:00:00,14591,0.56
271,23,2025-12-24 14:00:00,5906,0.23
272,23,2025-12-24 15:00:00,9296,0.36
273,23,2025-12-24 16:00:00,16663,0.64
274,23,2025-12-24 17:00:00,7732,0.3
275,23,2025-12-24 18:00:00,6808,0.26
276,23,2025-12-24 19:00:00,6871,0.26
277,24,2025-12-24 08:00:00,5738,0.27
278,24,2025-12-24 09:00:00,9710,0.46
279,24,2025-12-24 10:00:00,7021,0.33
280,24,2025-12-24 11:00:00,9649,0.45
281,24,2025-12-24 12:00:00,10324,0.49
282,24,2025-12-24 13:00:00,15328,0.72
283,24,2025-12-24 14:00:00,7058,0.33
284,24,2025-12-24 15:00:00,7195,0.34
285,24,2025-12-24 16:00:00,4792,0.23
286,24,2025-12-24 17:00:00,3932,0.19
287,24,2025-12-24 18:00:00,10574,0.5
288,24,2025-12-24 19:00:00,3833,0.18
289,25,2025-12-24 08:00:00,5801,0.17
290,25,2025-12-24 09:00:00,4753,0.14
291,25,2025-12-24 10:00:00,10104,0.29
292,25,2025-12-24 11:00:00,15833,0.45
293,25,2025-12-24 12:00:00,18826,0.54
294,25,2025-12-24 13:00:00,6959,0.2
295,25,2025-12-24 14:00:00,16344,0.47
296,25,2025-12-24 15:00:00,12266,0.35
297,25,2025-12-24 16:00:00,17217,0.49
298,25,2025-12-24 17:00:00,13721,0.39
299,25,2025-12-24 18:00:00,13005,0.37
300,25,2025-12-24 19:00:00,9334,0.27
301,26,2025-12-24 08:00:00,35723,0.37
302,26,2025-12-24 09:00:00,33575,0.35
303,26,2025-12-24 10:00:00,36476,0.38
304,26,2025-12-24 11:00:00,36984,0.39
305,26,2025-12-24 12:00:00,44441,0.46
306,26,2025-12-24 13:00:00,54150,0.56
307,26,2025-12-24 14:00:00,26275,0.27
308,26,2025-12-24 15:00:00,68587,0.71
309,26,2025-12-24 16:00:00,16793,0.17
310,26,2025-12-24 17:00:00,16354,0.17
311,26,2025-12-24 18:00:00,40939,0.43
312,26,2025-12-24 19:00:00,33358,0.35
313,27,2025-12-24 08:00:00,9323,0.31
314,27,2025-12-24 09:00:00,13714,0.46
315,27,2025-12-24 10:00:00,6501,0.22
316,27,2025-12-24 11:00:00,9319,0.31
317,27,2025-12-24 12:00:00,15349,0.51
318,27,2025-12-24 13:00:00,19884,0.66
319,27,2025-12-24 14:00:00,20104,0.67
320,27,2025-12-24 15:00:00,20864,0.7
321,27,2025-12-24 16:00:00,12257,0.41
322,27,2025-12-24 17:00:00,17931,0.6
323,27,2025-12-24 18:00:00,5669,0.19
324,27,2025-12-24 19:00:00,11041,0.37
325,28,2025-12-24 08:00:00,3205,0.21
326,28,2025-12-24 09:00:00,2495,0.16
327,28,2025-12-24 10:00:00,5583,0.36
328,28,2025-12-24 11:00:00,6523,0.42
329,28,2025-12-24 12:00:00,8906,0.57
330,28,2025-12-24 13:00:00,11335,0.73
331,28,2025-12-24 14:00:00,11730,0.75
332,28,2025-12-24 15:00:00,5621,0.36
333,28,2025-12-24 16:00:00,5308,0.34
334,28,2025-12-24 17:00:00,9272,0.59
335,28,2025-12-24 18:00:00,5569,0.36
336,28,2025-12-24 19:00:00,5350,0.34
337,29,2025-12-24 08:00:00,36775,0.37
338,29,2025-12-24 09:00:00,27509,0.28
339,29,2025-12-24 10:00:00,20505,0.21
340,29,2025-12-24 11:00:00,18291,0.18
341,29,2025-12-24 12:00:00,32229,0.33
342,29,2025-12-24 13:00:00,32759,0.33
343,29,2025-12-24 14:00:00,70457,0.71
344,29,2025-12-24 15:00:00,61837,0.62
345,29,2025-12-24 16:00:00,65035,0.66
346,29,2025-12-24 17:00:00,28401,0.29
347,29,2025-12-24 18:00:00,17160,0.17
348,29,2025-12-24 19:00:00,17102,0.17
349,30,2025-12-24 08:00:00,3738,0.13
350,30,2025-12-24 09:00:00,3752,0.13
351,30,2025-12-24 10:00:00,8035,0.28
352,30,2025-12-24 11:00:00,9812,0.34
353,30,2025-12-24 12:00:00,13421,0.46
354,30,2025-12-24 13:00:00,7014,0.24
355,30,2025-12-24 14:00:00,18534,0.64
356,30,2025-12-24 15:00:00,15496,0.53
357,30,2025-12-24 16:00:00,10195,0.35
358,30,2025-12-24 17:00:00,14248,0.49
359,30,2025-12-24 18:00:00,4354,0.15
360,30,2025-12-24 19:00:00,10745,0.37
361,31,2025-12-24 08:00:00,13068,0.15
362,31,2025-12-24 09:00:00,24320,0.28
363,31,2025-12-24 10:00:00,16782,0.19
364,31,2025-12-24 11:00:00,26357,0.3
365,31,2025-12-24 12:00:00,36724,0.42
366,31,2025-12-24 13:00:00,24072,0.27
367,31,2025-12-24 14:00:00,40378,0.46
368,31,2025-12-24 15:00:00,33737,0.38
369,31,2025-12-24 16:00:00,26553,0.3
370,31,2025-12-24 17:00:00,50522,0.57
371,31,2025-12-24 18:00:00,23737,0.27
372,31,2025-12-24 19:00:00,30419,0.35
373,32,2025-12-24 08:00:00,7045,0.35
374,32,2025-12-24 09:00:00,6512,0.33
375,32,2025-12-24 10:00:00,6056,0.3
376,32,2025-12-24 11:00:00,11650,0.58
377,32,2025-12-24 12:00:00,6458,0.32
378,32,2025-12-24 13:00:00,8060,0.4
379,32,2025-12-24 14:00:00,9734,0.49
380,32,2025-12-24 15:00:00,12643,0.63
381,32,2025-12-24 16:00:00,6586,0.33
382,32,2025-12-24 17:00:00,11771,0.59
383,32,2025-12-24 18:00:00,3857,0.19
384,32,2025-12-24 19:00:00,5186,0.26
385,33,2025-12-24 08:00:00,4323,0.27
386,33,2025-12-24 09:00:00,5889,0.37
387,33,2025-12-24 10:00:00,5827,0.36
388,33,2025-12-24 11:00:00,6351,0.4
389,33,2025-12-24 12:00:00,8920,0.56
390,33,2025-12-24 13:00:00,10472,0.65
391,33,2025-12-24 14:00:00,3909,0.24
392,33,2025-12-24 15:00:00,6102,0.38
393,33,2025-12-24 16:00:00,3809,0.24
394,33,2025-12-24 17:00:00,3348,0.21
395,33,2025-12-24 18:00:00,4148,0.26
396,33,2025-12-24 19:00:00,6161,0.39
397,34,2025-12-24 08:00:00,6058,0.21
398,34,2025-12-24 09:00:00,13231,0.45
399,34,2025-12-24 10:00:00,8336,0.28
400,34,2025-12-24 11:00:00,13870,0.47
401,34,2025-12-24 12:00:00,13781,0.47
402,34,2025-12-24 13:00:00,10682,0.36
403,34,2025-12-24 14:00:00,10224,0.35
404,34,2025-12-24 15:00:00,19543,0.67
405,34,2025-12-24 16:00:00,15781,0.54
406,34,2025-12-24 17:00:00,15848,0.54
407,34,2025-12-24 18:00:00,14794,0.5
408,34,2025-12-24 19:00:00,11396,0.39
409,35,2025-12-24 08:00:00,7043,0.24
410,35,2025-12-24 09:00:00,9827,0.33
411,35,2025-12-24 10:00:00,11809,0.4
412,35,2025-12-24 11:00:00,15479,0.52
413,35,2025-12-24 12:00:00,7454,0.25
414,35,2025-12-24 13:00:00,10582,0.36
415,35,2025-12-24 14:00:00,23702,0.8
416,35,2025-12-24 15:00:00,9547,0.32
417,35,2025-12-24 16:00:00,5033,0.17
418,35,2025-12-24 17:00:00,12300,0.42
419,35,2025-12-24 18:00:00,7147,0.24
420,35,2025-12-24 19:00:00,9039,0.31
421,36,2025-12-24 08:00:00,1368,0.31
422,36,2025-12-24 09:00:00,926,0.21
423,36,2025-12-24 10:00:00,1467,0.34
424,36,2025-12-24 11:00:00,725,0.17
425,36,2025-12-24 12:00:00,1356,0.31
426,36,2025-12-24 13:00:00,933,0.21
427,36,2025-12-24 14:00:00,1929,0.44
428,36,2025-12-24 15:00:00,976,0.22
429,36,2025-12-24 16:00:00,2079,0.48
430,36,2025-12-24 17:00:00,2333,0.54
431,36,2025-12-24 18:00:00,926,0.21
432,36,2025-12-24 19:00:00,1718,0.4
433,37,2025-12-24 08:00:00,923,0.29
434,37,2025-12-24 09:00:00,601,0.19
435,37,2025-12-24 10:00:00,1192,0.37
436,37,2025-12-24 11:00:00,1583,0.49
437,37,2025-12-24 12:00:00,1666,0.52
438,37,2025-12-24 13:00:00,1661,0.52
439,37,2025-12-24 14:00:00,2418,0.75
440,37,2025-12-24 15:00:00,921,0.29
441,37,2025-12-24 16:00:00,963,0.3
442,37,2025-12-24 17:00:00,822,0.26
443,37,2025-12-24 18:00:00,585,0.18
444,37,2025-12-24 19:00:00,1220,0.38
445,38,2025-12-24 08:00:00,5010,0.17
446,38,2025-12-24 09:00:00,10926,0.37
447,38,2025-12-24 10:00:00,9611,0.33
448,38,2025-12-24 11:00:00,6070,0.21
449,38,2025-12-24 12:00:00,17652,0.6
450,38,2025-12-24 13:00:00,12211,0.42
451,38,2025-12-24 14:00:00,9219,0.31
452,38,2025-12-24 15:00:00,7479,0.25
453,38,2025-12-24 16:00:00,17838,0.61
454,38,2025-12-24 17:00:00,16865,0.57
455,38,2025-12-24 18:00:00,11210,0.38
456,38,2025-12-24 19:00:00,5636,0.19
457,39,2025-12-24 08:00:00,4039,0.2
458,39,2025-12-24 09:00:00,7260,0.36
459,39,2025-12-24 10:00:00,8307,0.41
460,39,2025-12-24 11:00:00,9869,0.48
461,39,2025-12-24 12:00:00,5829,0.29
462,39,2025-12-24 13:00:00,7457,0.37
463,39,2025-12-24 14:00:00,5545,0.27
464,39,2025-12-24 15:00:00,9869,0.48
465,39,2025-12-24 16:00:00,6323,0.31
466,39,2025-12-24 17:00:00,5075,0.25
467,39,2025-12-24 18:00:00,5180,0.25
468,39,2025-12-24 19:00:00,2610,0.13
469,40,2025-12-24 08:00:00,1419,0.26
470,40,2025-12-24 09:00:00,1265,0.23
471,40,2025-12-24 10:00:00,2176,0.4
472,40,2025-12-24 11:00:00,2461,0.45
473,40,2025-12-24 12:00:00,1824,0.33
474,40,2025-12-24 13:00:00,3584,0.65
475,40,2025-12-24 14:00:00,3050,0.55
476,40,2025-12-24 15:00:00,3378,0.61
477,40,2025-12-24 16:00:00,2681,0.49
478,40,2025-12-24 17:00:00,1227,0.22
479,40,2025-12-24 18:00:00,1860,0.34
480,40,2025-12-24 19:00:00,2333,0.42
481,41,2025-12-24 08:00:00,3193,0.28
482,41,2025-12-24 09:00:00,2160,0.19
483,41,2025-12-24 10:00:00,5761,0.5
484,41,2025-12-24 11:00:00,3178,0.27
485,41,2025-12-24 12:00:00,2553,0.22
486,41,2025-12-24 13:00:00,3806,0.33
487,41,2025-12-24 14:00:00,3497,0.3
488,41,2025-12-24 15:00:00,7359,0.63
489,41,2025-12-24 16:00:00,6732,0.58
490,41,2025-12-24 17:00:00,6770,0.58
491,41,2025-12-24 18:00:00,2721,0.23
492,41,2025-12-24 19:00:00,3707,0.32
493,42,2025-12-24 08:00:00,15456,0.36
494,42,2025-12-24 09:00:00,11801,0.27
495,42,2025-12-24 10:00:00,21864,0.5
496,42,2025-12-24 11:00:00,21392,0.49
497,42,2025-12-24 12:00:00,12712,0.29
498,42,2025-12-24 13:00:00,12354,0.28
499,42,2025-12-24 14:00:00,23310,0.54
500,42,2025-12-24 15:00:00,20754,0.48
501,42,2025-12-24 16:00:00,20227,0.46
502,42,2025-12-24 17:00:00,12825,0.29
503,42,2025-12-24 18:00:00,9324,0.21
504,42,2025-12-24 19:00:00,17119,0.39
505,43,2025-12-24 08:00:00,8451,0.17
506,43,2025-12-24 09:00:00,12645,0.25
507,43,2025-12-24 10:00:00,12070,0.24
508,43,2025-12-24 11:00:00,14531,0.29
509,43,2025-12-24 12:00:00,28156,0.56
510,43,2025-12-24 13:00:00,9428,0.19
511,43,2025-12-24 14:00:00,38145,0.76
512,43,2025-12-24 15:00:00,18449,0.37
513,43,2025-12-24 16:00:00,12009,0.24
514,43,2025-12-24 17:00:00,18194,0.36
515,43,2025-12-24 18:00:00,16166,0.32
516,43,2025-12-24 19:00:00,22213,0.44
517,44,2025-12-24 08:00:00,2669,0.27
518,44,2025-12-24 09:00:00,4142,0.41
519,44,2025-12-24 10:00:00,3557,0.36
520,44,2025-12-24 11:00:00,5198,0.52
521,44,2025-12-24 12:00:00,3031,0.3
522,44,2025-12-24 13:00:00,4758,0.48
523,44,2025-12-24 14:00:00,5351,0.54
524,44,2025-12-24 15:00:00,4685,0.47
525,44,2025-12-24 16:00:00,2375,0.24
526,44,2025-12-24 17:00:00,5107,0.51
527,44,2025-12-24 18:00:00,3325,0.33
528,44,2025-12-24 19:00:00,4140,0.41
529,45,2025-12-24 08:00:00,1691,0.22
530,45,2025-12-24 09:00:00,2094,0.27
531,45,2025-12-24 10:00:00,3617,0.46
532,45,2025-12-24 11:00:00,1399,0.18
533,45,2025-12-24 12:00:00,2869,0.37
534,45,2025-12-24 13:00:00,4200,0.54
535,45,2025-12-24 14:00:00,1871,0.24
536,45,2025-12-24 15:00:00,5257,0.67
537,45,2025-12-24 16:00:00,4424,0.57
538,45,2025-12-24 17:00:00,3001,0.38
539,45,2025-12-24 18:00:00,2701,0.35
540,45,2025-12-24 19:00:00,3593,0.46
541,46,2025-12-24 08:00:00,3957,0.39
542,46,2025-12-24 09:00:00,4475,0.44
543,46,2025-12-24 10:00:00,1663,0.16
544,46,2025-12-24 11:00:00,4678,0.46
545,46,2025-12-24 12:00:00,4849,0.48
546,46,2025-12-24 13:00:00,6288,0.62
547,46,2025-12-24 14:00:00,7334,0.72
548,46,2025-12-24 15:00:00,1975,0.19
549,46,2025-12-24 16:00:00,2003,0.2
550,46,2025-12-24 17:00:00,4336,0.43
551,46,2025-12-24 18:00:00,3797,0.37
552,46,2025-12-24 19:00:00,2965,0.29
553,47,2025-12-24 08:00:00,164,0.33
554,47,2025-12-24 09:00:00,157,0.31
555,47,2025-12-24 10:00:00,135,0.27
556,47,2025-12-24 11:00:00,95,0.19
557,47,2025-12-24 12:00:00,146,0.29
558,47,2025-12-24 13:00:00,132,0.26
559,47,2025-12-24 14:00:00,162,0.32
560,47,2025-12-24 15:00:00,186,0.37
561,47,2025-12-24 16:00:00,253,0.51
562,47,2025-12-24 17:00:00,174,0.35
563,47,2025-12-24 18:00:00,207,0.41
564,47,2025-12-24 19:00:00,71,0.14
565,48,2025-12-24 08:00:00,31101,0.35
566,48,2025-12-24 09:00:00,34071,0.39
567,48,2025-12-24 10:00:00,46017,0.52
568,48,2025-12-24 11:00:00,17983,0.2
569,48,2025-12-24 12:00:00,21313,0.24
570,48,2025-12-24 13:00:00,28479,0.32
571,48,2025-12-24 14:00:00,54070,0.61
572,48,2025-12-24 15:00:00,61017,0.69
573,48,2025-12-24 16:00:00,49574,0.56
574,48,2025-12-24 17:00:00,21013,0.24
575,48,2025-12-24 18:00:00,20495,0.23
576,48,2025-12-24 19:00:00,24044,0.27
577,49,2025-12-24 08:00:00,3140,0.21
578,49,2025-12-24 09:00:00,4292,0.29
579,49,2025-12-24 10:00:00,4915,0.33
580,49,2025-12-24 11:00:00,4652,0.31
581,49,2025-12-24 12:00:00,8871,0.59
582,49,2025-12-24 13:00:00,6658,0.44
583,49,2025-12-24 14:00:00,7117,0.47
584,49,2025-12-24 15:00:00,2904,0.19
585,49,2025-12-24 16:00:00,6870,0.46
586,49,2025-12-24 17:00:00,5258,0.35
587,49,2025-12-24 18:00:00,6753,0.45
588,49,2025-12-24 19:00:00,1934,0.13
589,50,2025-12-24 08:00:00,5580,0.28
590,50,2025-12-24 09:00:00,3629,0.18
591,50,2025-12-24 10:00:00,7983,0.4
592,50,2025-12-24 11:00:00,7885,0.39
593,50,2025-12-24 12:00:00,5406,0.27
594,50,2025-12-24 13:00:00,12431,0.62
595,50,2025-12-24 14:00:00,10242,0.51
596,50,2025-12-24 15:00:00,10508,0.53
597,50,2025-12-24 16:00:00,10898,0.54
598,50,2025-12-24 17:00:00,11125,0.56
599,50,2025-12-24 18:00:00,4182,0.21
600,50,2025-12-24 19:00:00,9122,0.46
