-- 数据导入SQL脚本
-- 生成时间: 2025-12-25 01:46:54

-- 选择数据库
USE `tourism_db`;

-- 设置字符集和外键检查
SET NAMES utf8mb4;
SET CHARACTER_SET_CLIENT = utf8mb4;
SET CHARACTER_SET_CONNECTION = utf8mb4;
SET FOREIGN_KEY_CHECKS = 0;

-- ==================== PoiMaster ====================
-- 共 360 条记录

INSERT INTO `PoiMaster` (`poi_id`, `poi_name`, `poi_type`, `address`, `longitude`, `latitude`, `description`)
VALUES
  (1, '上海博物馆', 'scenic_spot', '人民大道201号', 121.475507, 31.228228, '中国古代艺术博物馆'),
  (2, '上海豫园', 'scenic_spot', '安仁街218号', 121.492781, 31.226483, '明代园林古迹'),
  (3, '上海城市规划展示馆', 'scenic_spot', '人民大道100号', 121.47556, 31.231588, '城市规划展示中心'),
  (4, '上海田子坊', 'scenic_spot', '泰康路200-1号', 121.46973, 31.207755, '艺术创意街区'),
  (5, '上海老码头景区', 'scenic_spot', '中山南路505号老码头', 121.50727, 31.217708, '历史码头改造景区'),
  (6, '上海动物园', 'scenic_spot', '虹桥路2381号', 121.362928, 31.192925, '综合性动物园'),
  (7, '长风公园·长风海洋世界景区', 'scenic_spot', '大渡河路189号、451号', 121.399548, 31.224054, '公园与海洋馆'),
  (8, 'M50艺术产业园', 'scenic_spot', '莫干山路50号', 121.449142, 31.247988, '艺术创意产业园'),
  (9, '上海大宁灵石公园', 'scenic_spot', '广中西路288号', 121.443097, 31.275776, '城市公园'),
  (10, '上海鲁迅公园', 'scenic_spot', '四川北路2288号', 121.482945, 31.270761, '纪念性公园'),
  (11, '上海和平公园', 'scenic_spot', '天宝路891号', 121.500629, 31.271596, '城市公园'),
  (12, '上海犹太难民纪念馆', 'scenic_spot', '长阳路62号', 121.509241, 31.254267, '历史纪念馆'),
  (13, '上海共青森林公园', 'scenic_spot', '军工路2000号', 121.550352, 31.319819, '生态森林公园'),
  (14, '黄兴公园', 'scenic_spot', '国顺东路369号', 121.529626, 31.293238, '城市公园'),
  (15, '上海锦江乐园', 'scenic_spot', '虹梅路201号', 121.409341, 31.140296, '综合游乐园'),
  (16, '上海召稼楼', 'scenic_spot', '沈杜公路2059号', 121.549785, 31.074066, '江南水乡古镇'),
  (17, '上海老外街景区', 'scenic_spot', '虹梅路3338弄', 121.387875, 31.191292, '国际风情街区'),
  (18, '上海顾村公园', 'scenic_spot', '沪太路4788号', 121.385189, 31.344728, '赏樱花名胜'),
  (19, '上海东方假日田园', 'scenic_spot', '联杨路3888号', 121.325716, 31.400166, '农业观光园'),
  (20, '上海玻璃博物馆', 'scenic_spot', '长江西路685号', 121.472233, 31.343926, '玻璃艺术博物馆'),
  (21, '上海古猗园', 'scenic_spot', '沪宜公路218号', 121.316425, 31.290596, '江南园林'),
  (22, '嘉定州桥景区', 'scenic_spot', '南大街290号', 121.251419, 31.382667, '历史文化街区'),
  (23, '南翔景区', 'scenic_spot', '南翔镇', 121.31082, 31.299815, '江南古镇'),
  (24, '华亭人家-毛桥村', 'scenic_spot', '华亭镇联华村788号', 121.28595, 31.484905, '乡村旅游点'),
  (25, '上海东方明珠广播电视塔', 'scenic_spot', '世纪大道1号', 121.499971, 31.239436, '上海标志性建筑'),
  (26, '上海野生动物园', 'scenic_spot', '南六公路178号', 121.71899, 31.052988, '大型野生动物园'),
  (27, '上海科技馆', 'scenic_spot', '世纪大道2000号', 121.541621, 31.218122, '科普教育基地'),
  (28, '金茂大厦88层观光厅', 'scenic_spot', '世纪大道88号', 121.505476, 31.235345, '高层观光厅'),
  (29, '上海世纪公园', 'scenic_spot', '芳甸路666号', 121.558928, 31.221151, '城市中央公园'),
  (30, '上海海洋水族馆', 'scenic_spot', '陆家嘴环路1388号', 121.501894, 31.240777, '世界级水族馆'),
  (31, '上海鲜花港', 'scenic_spot', '东海农场振东路2号', 121.901793, 30.946509, '花卉主题公园'),
  (32, '上海中国航海博物馆', 'scenic_spot', '申港大道197号', 121.919734, 30.896132, '航海主题博物馆'),
  (33, '上海环球金融中心观光厅', 'scenic_spot', '世纪大道100号', 121.506616, 31.241159, '高层观光厅'),
  (34, '上海南汇桃花村', 'scenic_spot', '惠南镇北门路289号', 121.75495, 31.06022, '桃花观赏地'),
  (35, '大团桃园', 'scenic_spot', '大团镇赵桥村柴场888号', 121.738706, 30.986038, '桃园观光'),
  (36, '上海南汇渔乐湾生态园', 'scenic_spot', '新场镇笋王路1688号', 121.663482, 31.011747, '生态观光园'),
  (37, '书院人家', 'scenic_spot', '书院镇洋溢村书院692号', 121.873129, 30.944561, '乡村旅游点'),
  (38, '上海滨海森林公园', 'scenic_spot', '东大公路5366号', 121.909864, 30.971939, '滨海森林公园'),
  (39, '新场古镇', 'scenic_spot', '新场镇海泉街128号', 121.646772, 31.024797, '江南水乡古镇'),
  (40, '上海地质科普馆', 'scenic_spot', '祝桥镇新龙村新龙宅100号', 121.782882, 31.178243, '地质科普展馆'),
  (41, '上海中医药博物馆', 'scenic_spot', '蔡伦路1200号', 121.596488, 31.194051, '中医药主题博物馆'),
  (42, '上海枫泾古镇', 'scenic_spot', '枫泾镇亭枫公路8588弄28号', 121.014592, 30.88644, '江南水乡古镇'),
  (43, '上海金山城市沙滩', 'scenic_spot', '金山大道1972号', 121.34423, 30.742572, '人工海滩'),
  (44, '上海东林寺景区', 'scenic_spot', '朱泾镇东林街150号', 121.165811, 30.894367, '千年古刹'),
  (45, '廊下生态园', 'scenic_spot', '廊下镇漕廊公路9177号', 121.1554, 30.785796, '生态农业园'),
  (46, '中国农民画村', 'scenic_spot', '朱枫公路8258弄169号', 121.017045, 30.922221, '农民画主题村'),
  (47, '上海南社纪念馆', 'scenic_spot', '张堰镇新华路139号', 121.285745, 30.801751, '历史纪念馆'),
  (48, '上海佘山国家森林公园', 'scenic_spot', '外青松公路9258号', 121.198473, 31.09636, '国家森林公园'),
  (49, '上海方塔园', 'scenic_spot', '中山东路235号', 121.246019, 31.004706, '宋代古塔园林'),
  (50, '上海月湖雕塑公园', 'scenic_spot', '佘山林荫新路1158号', 121.207867, 31.099122, '雕塑艺术公园'),
  (51, '上海欢乐谷', 'scenic_spot', '林湖路888号', 121.214778, 31.09607, '大型主题乐园'),
  (52, '上海影视乐园', 'scenic_spot', '车墩镇北松公路4915号', 121.311885, 31.011249, '影视拍摄基地'),
  (53, '上海福泉山遗址景区', 'scenic_spot', '重固镇福泉山路658号', 121.177414, 31.200192, '古文化遗址'),
  (54, '上海金龟岛渔村', 'scenic_spot', '金泽镇建国村', 120.919368, 31.042644, '水乡渔村'),
  (55, '碧海金沙水上乐园', 'scenic_spot', '海湾旅游区海涵路6号', 121.55368, 30.819989, '水上乐园'),
  (56, '上海都市菜园', 'scenic_spot', '海湾镇海兴路888号', 121.589722, 30.863064, '农业观光园'),
  (57, '上海海湾国家森林公园', 'scenic_spot', '海湾镇随塘河路1677号', 121.677554, 30.863169, '国家森林公园'),
  (58, '上海玉穗绿苑', 'scenic_spot', '金海公路2229号', 121.495196, 30.8847, '生态观光园'),
  (59, '上海庄行乡村旅游景区', 'scenic_spot', '庄行镇南亭公路2865号', 121.400461, 30.903056, '乡村旅游区'),
  (60, '东平国家森林公园', 'scenic_spot', '东平林场', 121.539097, 31.671163, '国家森林公园'),
  (61, '上海前卫村', 'scenic_spot', '竖新镇前卫村801号', 121.512596, 31.71898, '生态村'),
  (62, '明珠湖·西沙湿地', 'scenic_spot', '三星镇三华公路333号', 121.257035, 31.750321, '湿地公园'),
  (63, '上海瀛东生态村', 'scenic_spot', '陈家镇瀛东村村民委员会', 121.843353, 31.463629, '生态村'),
  (64, '上海高家庄园乡村俱乐部', 'scenic_spot', '港西镇港东公路999号', 121.426645, 31.680896, '乡村俱乐部'),
  (65, '上海瑞华果园', 'scenic_spot', '新海镇北沿公路3172号7幢', 121.331884, 31.811328, '果园观光'),
  (66, '江南三民文化村', 'scenic_spot', '林风公路2201号', 121.498388, 31.718382, '民俗文化村'),
  (67, '上海陈云故里·练塘古镇景区', 'scenic_spot', '朱枫公路3516号', 121.043851, 31.007039, '历史文化古镇'),
  (68, '上海大观园', 'scenic_spot', '金商路701号', 121.124249, 31.15098, '红楼梦主题园'),
  (69, '朱家角古镇', 'scenic_spot', '朱家角镇西井街84号', 121.053978, 31.112763, '江南水乡古镇'),
  (70, '上海市青少年校外活动营地-东方绿舟', 'scenic_spot', '沪青平公路6888号', 121.012163, 31.104513, '青少年活动基地'),
  (71, '上海植物园', 'scenic_spot', '龙吴路1111号', 121.445328, 31.147406, '植物科普园'),
  (72, '上海宋庆龄故居纪念馆', 'scenic_spot', '淮海中路1843号', 121.438748, 31.204385, '名人故居'),
  (73, '上海马陆葡萄艺术村', 'scenic_spot', '马陆镇大治东路285号', 121.292764, 31.347638, '葡萄主题村'),
  (74, '上海徐家汇源景区', 'scenic_spot', '漕溪北路90号', 121.441735, 31.192148, '历史文化街区'),
  (75, '上海炮台湾景区', 'scenic_spot', '塘后路206号', 121.506409, 31.39389, '滨江湿地公园'),
  (76, '上海宝山国际民间艺术博览馆景区', 'scenic_spot', '沪太路4788号', 121.381763, 31.346163, '民间艺术展馆'),
  (77, '上海辰山植物园', 'scenic_spot', '辰花路3888号', 121.182682, 31.075097, '植物园'),
  (78, '上海醉白池公园', 'scenic_spot', '人民南路64号', 121.229986, 31.001687, '古典园林'),
  (79, '上海联怡枇杷乐园', 'scenic_spot', '外青松公路7168号', 121.128038, 31.126619, '枇杷主题园'),
  (80, '上海金山嘴渔村', 'scenic_spot', '沪杭公路6394号', 121.375657, 30.73211, '渔村古镇'),
  (81, '金罗店美兰湖景区', 'scenic_spot', '罗芬路555弄21号', 121.358866, 31.398975, '湖畔景区'),
  (82, '上海汽车博览公园', 'scenic_spot', '博园路7001号', 121.178922, 31.279651, '汽车主题公园'),
  (83, '宏泰园', 'scenic_spot', '浏翔公路3425号', 121.298433, 31.389949, '生态观光园'),
  (84, '上海葵园农家乐专业合作社', 'scenic_spot', '书院镇东大公路4677号', 121.887933, 30.979228, '农家乐'),
  (85, '多利农庄生态园', 'scenic_spot', '川南奉公路7007号', 121.769893, 30.977324, '生态农庄'),
  (86, '上海闻道园', 'scenic_spot', '潘泾路2888号', 121.35483, 31.437658, '古建筑园林'),
  (87, '上海菲尼克斯生态园', 'scenic_spot', '老朱枫公路6800弄168号', 121.016903, 30.962497, '生态观光园'),
  (88, '上海游龙石文化科普馆', 'scenic_spot', '川沙新镇新春路20号', 121.693091, 31.163005, '石文化展馆'),
  (89, '上海杜莎夫人蜡像馆', 'scenic_spot', '南京西路2-68号新世界商厦10楼', 121.473757, 31.235268, '蜡像展览馆'),
  (90, '上海音乐谷景区', 'scenic_spot', '溧阳路649号西楼三楼', 121.490277, 31.254513, '音乐文化街区'),
  (91, '上海闵行体育公园', 'scenic_spot', '新镇路456号', 121.365919, 31.145176, '体育主题公园'),
  (92, '上海韩湘水博园', 'scenic_spot', '江川路3805号', 121.332143, 30.985811, '水文化主题园'),
  (93, '上海国际赛车场旅游景区', 'scenic_spot', '伊宁路2199号', 121.226035, 31.329702, 'F1赛车场'),
  (94, '上海周浦花海景区', 'scenic_spot', '周浦镇界浜村406号', 121.645547, 31.117619, '花卉观赏园'),
  (95, '上海雪浪湖生态园', 'scenic_spot', '新浜镇胡曹路699弄100号', 121.087123, 30.926408, '生态休闲园'),
  (96, '上海紫海鹭缘景区', 'scenic_spot', '北沿公路2018号', 121.495611, 31.67397, '薰衣草主题园'),
  (97, '上海国际时尚中心', 'scenic_spot', '杨树浦路2866号', 121.557522, 31.272492, '文化创意园区'),
  (98, '上海崧泽遗址博物馆', 'scenic_spot', '沪青平公路3993号', 121.163996, 31.146944, '古文化遗址博物馆'),
  (99, '中共二大会址纪念馆', 'scenic_spot', '老成都北路7弄30号', 121.466693, 31.224193, '革命纪念馆'),
  (100, '上海富建酒店有限公司', 'hotel', '七莘路1885号', 121.360474, 31.137714, '商务酒店'),
  (101, '上海烟草集团闵行烟草糖酒有限公司金燕大厦', 'hotel', '春申路3800号', 121.38645, 31.100358, '商务酒店'),
  (102, '紫藤宾馆', 'hotel', '东川路3050号', 121.382655, 31.004889, '校园宾馆'),
  (103, '上海莘城宾馆', 'hotel', '凯城路199号', 121.384376, 31.102575, '商务宾馆'),
  (104, '上海雍和宾馆有限公司', 'hotel', '顾戴路85号', 121.406531, 31.145932, '商务宾馆'),
  (105, '上海九宇宾馆有限公司', 'hotel', '莘西路299号', 121.373103, 31.105123, '经济型宾馆'),
  (106, '上海南亚宾馆有限公司', 'hotel', '沪闵路280号', 121.421823, 31.007747, '商务宾馆'),
  (107, '宝钢集团宝山宾馆', 'hotel', '牡丹江路1813号', 121.480858, 31.40943, '企业宾馆'),
  (108, '上海紫薇悦园会务管理有限公司', 'hotel', '沪太路4788号', 121.385189, 31.344728, '会务酒店'),
  (109, '上海金仓永华酒店管理有限公司', 'hotel', '水产路2659号', 121.440971, 31.365666, '商务酒店'),
  (110, '上海金富门酒店有限公司', 'hotel', '牡丹江路1285号', 121.487907, 31.395539, '商务酒店'),
  (111, '上海北翼大酒店', 'hotel', '淞滨路600号', 121.494124, 31.372032, '商务酒店'),
  (112, '上海华方实业有限公司华方大酒店', 'hotel', '沪太路7098号', 121.424067, 31.294668, '商务酒店'),
  (113, '上海南郊宾馆有限公司', 'hotel', '南桥新城望园路8号', 121.475946, 30.952082, '商务宾馆'),
  (114, '上海悦华大酒店', 'hotel', '南桥镇江海路88号', 121.458472, 30.904779, '商务酒店'),
  (115, '上海新发展圣淘沙大酒店有限公司', 'hotel', '南桥镇南桥路1号', 121.456329, 30.910973, '度假酒店'),
  (116, '上海海景海港大酒店有限公司', 'hotel', '海杰路1588号', 121.740923, 30.900478, '海景酒店'),
  (117, '上海新发展酒店管理有限公司', 'hotel', '南桥镇解放中路276号', 121.462074, 30.917409, '商务酒店'),
  (118, '上海宏达山庄有限公司', 'hotel', '奉城镇南奉公路255号', 121.633427, 30.911892, '度假山庄'),
  (119, '上海兴国宾馆', 'hotel', '兴国路78号', 121.434555, 31.209827, '园林式宾馆'),
  (120, '上海长峰酒店管理有限公司', 'hotel', '延安西路1116号', 121.430272, 31.210169, '商务酒店'),
  (121, '上海扬子江万丽大酒店', 'hotel', '延安西路2099号', 121.406243, 31.20292, '豪华酒店'),
  (122, '虹桥喜来登上海太平洋大饭店有限公司', 'hotel', '遵义南路5号', 121.405597, 31.203675, '国际品牌酒店'),
  (123, '上海海鸥国际酒店投资管理有限公司', 'hotel', '延安西路2588号', 121.395043, 31.197128, '商务酒店'),
  (124, '上海西郊宾馆', 'hotel', '虹桥路1921号', 121.379409, 31.20241, '国宾馆'),
  (125, '上海虹桥迎宾馆', 'hotel', '虹桥路1591号', 121.39562, 31.202195, '国宾馆'),
  (126, '上海紫泰酒店管理有限公司', 'hotel', '虹桥路2270号', 121.376854, 31.191522, '豪华酒店'),
  (127, '上海银星皇冠假日酒店', 'hotel', '番禺路400号', 121.429698, 31.203014, '国际品牌酒店'),
  (128, '上海龙之梦酒店管理有限公司', 'hotel', '长宁路1018号', 121.416611, 31.219131, '商务酒店'),
  (129, '上海裕昌房产发展有限公司', 'hotel', '延安西路488号', 121.437008, 31.217576, '商务酒店'),
  (130, '上海虹桥宾馆有限公司', 'hotel', '延安西路2000号', 121.410014, 31.203973, '商务宾馆'),
  (131, '上海美仑大酒店有限公司', 'hotel', '武夷路789号', 121.413217, 31.214471, '精品酒店'),
  (132, '上海君丽大酒店管理有限公司', 'hotel', '遵义南路448号', 121.406259, 31.204726, '商务酒店'),
  (133, '上海三湘大厦', 'hotel', '中山西路1243号', 121.418147, 31.194218, '商务楼宇酒店'),
  (134, '上海绿洲企业发展有限公司', 'hotel', '中山西路555号', 121.412676, 31.213891, '商务酒店'),
  (135, '上海国际机场宾馆', 'hotel', '虹桥机场迎宾一路368号', 121.351951, 31.193176, '机场宾馆'),
  (136, '上海锦江达华宾馆有限公司', 'hotel', '延安西路918号', 121.432291, 31.213434, '商务宾馆'),
  (137, '上海航友宾馆', 'hotel', '迎宾一路425号', 121.349965, 31.192973, '航空宾馆'),
  (138, '上海兴华宾馆', 'hotel', '华山路1226号', 121.433399, 31.210179, '商务宾馆'),
  (139, '上海虹桥云峰宾馆', 'hotel', '虹桥路1665号', 121.392872, 31.200697, '商务宾馆'),
  (140, '上海大厦', 'hotel', '北苏州路20号', 121.48995, 31.244361, '历史名楼'),
  (141, '上海新世纪酒店发展有限公司', 'hotel', '曲阳路1000号', 121.490974, 31.292411, '商务酒店'),
  (142, '海鸥饭店', 'hotel', '黄浦路60号', 121.491707, 31.244571, '历史饭店'),
  (143, '上海远洋宾馆有限公司', 'hotel', '东大明路1171号', 121.510034, 31.25254, '商务宾馆'),
  (144, '上海宝隆宾馆有限公司', 'hotel', '逸仙路180号', 121.487696, 31.296734, '豪华酒店'),
  (145, '上海九龙宾馆有限公司', 'hotel', '溧阳路601号', 121.492083, 31.253932, '商务宾馆'),
  (146, '上海海烟烟草糖酒有限公司', 'hotel', '保定路325号', 121.50976, 31.258459, '企业宾馆'),
  (147, '浦江饭店', 'hotel', '黄浦路15号', 121.483462, 31.247648, '历史名店'),
  (148, '上海天鹅宾馆', 'hotel', '四川北路2211号', 121.482087, 31.268315, '商务宾馆'),
  (149, '上海锦江国际酒店发展股份有限公司', 'hotel', '天潼路422号', 121.485434, 31.245268, '商务酒店'),
  (150, '上海大庆石油大厦', 'hotel', '中山北二路1515号', 121.496258, 31.285213, '企业大厦'),
  (151, '上海酒钢大酒店有限公司', 'hotel', '东体育会路996号', 121.489024, 31.286628, '商务酒店'),
  (152, '上海上外国际文化交流中心', 'hotel', '赤峰路555号', 121.4835, 31.282025, '校园宾馆'),
  (153, '上海复旦国际学术交流中心有限公司', 'hotel', '邯郸路199号', 121.502401, 31.29512, '校园酒店'),
  (154, '上海瀚海明玉大酒店有限公司', 'hotel', '周家嘴路1888号', 121.515105, 31.265654, '豪华酒店'),
  (155, '上海迪顺酒店管理有限公司', 'hotel', '彰武路50号', 121.508184, 31.281241, '商务酒店'),
  (156, '上海甸园宾馆有限公司', 'hotel', '长阳路2558号', 121.545911, 31.275538, '商务宾馆'),
  (157, '上海同济迎宾馆有限公司', 'hotel', '彰武路69号', 121.510643, 31.281782, '校园宾馆'),
  (158, '上海林景实业有限公司', 'hotel', '长阳路1691号', 121.536052, 31.270764, '商务宾馆'),
  (159, '上海复理管理咨询公司', 'hotel', '邯郸路220号', 121.502871, 31.297025, '校园宾馆'),
  (160, '上海凤凰大酒店', 'hotel', '控江路1690号', 121.514862, 31.274466, '商务酒店'),
  (161, '上海白玉兰宾馆有限公司', 'hotel', '四平路1251号', 121.504777, 31.28541, '商务宾馆'),
  (162, '上海长城饭店有限公司', 'hotel', '眉州路272号', 121.53619, 31.260791, '商务饭店'),
  (163, '上海天益宾馆', 'hotel', '四平路1805号', 121.509028, 31.289199, '经济型宾馆'),
  (164, '上海新崇大酒店有限公司', 'hotel', '城桥镇鼓浪屿路777号', 121.417051, 31.637834, '商务酒店'),
  (165, '上海顺利大酒店有限公司', 'hotel', '城桥镇新崇南路38号', 121.399562, 31.62077, '商务酒店'),
  (166, '上海天鹤大酒店有限公司', 'hotel', '城桥镇南门路178号', 121.395951, 31.619376, '商务酒店'),
  (167, '崇明县人民政府招待所', 'hotel', '城桥镇新崇南路68号', 121.399051, 31.620123, '政府宾馆'),
  (168, '上海先丰宾馆有限公司', 'hotel', '长兴岛凤滨路663号A座', 121.67013, 31.393992, '商务宾馆'),
  (169, '上海乐岛宾馆有限公司', 'hotel', '城桥镇新崇南路89号', 121.398229, 31.619861, '经济型宾馆'),
  (170, '上海思致酒店管理有限公司', 'hotel', '长兴乡凤凰公路38号', 121.688568, 31.380062, '商务宾馆'),
  (171, '上海商城上海波特曼丽嘉酒店', 'hotel', '南京西路1376号', 121.451874, 31.22681, '超豪华酒店'),
  (172, '静安希尔顿饭店', 'hotel', '华山路250号', 121.44545, 31.21928, '国际品牌酒店'),
  (173, '上海上实南洋大酒店有限公司', 'hotel', '威海路500号', 121.461992, 31.227315, '豪华酒店'),
  (174, '上海静安城建配套发展公司', 'hotel', '愚园路1号', 121.447118, 31.224827, '商务酒店'),
  (175, '上海宾馆有限公司', 'hotel', '乌鲁木齐北路505号', 121.44377, 31.218078, '历史名店'),
  (176, '上海国际贵都大饭店', 'hotel', '延安西路65号', 121.44484, 31.220179, '商务酒店'),
  (177, '上海延安饭店', 'hotel', '延安中路1111号', 121.44829, 31.220481, '商务饭店'),
  (178, '上海美丽园大酒店有限公司', 'hotel', '延安西路396号', 121.437869, 31.218424, '商务酒店'),
  (179, '上海陕西商务酒店有限公司', 'hotel', '延安中路658号', 121.461642, 31.224403, '商务酒店'),
  (180, '上海吉林实业有限公司', 'hotel', '万航渡路818号', 121.429571, 31.227843, '商务酒店'),
  (181, '上海泛洋城市度假村有限责任公司', 'hotel', '余姚路55号', 121.442844, 31.236563, '度假酒店'),
  (182, '上海银发大酒店有限公司', 'hotel', '北京西路1068号', 121.454339, 31.230282, '商务酒店'),
  (183, '上海云峰大饭店', 'hotel', '北京西路1700号', 121.443075, 31.225974, '商务饭店'),
  (184, '沪纺大厦', 'hotel', '陕西北路670号', 121.451214, 31.233746, '商务楼宇'),
  (185, '上海良友饭店', 'hotel', '南苏州路1455号', 121.461369, 31.240004, '商务饭店'),
  (186, '襄阳饭店', 'hotel', '襄阳北路3号', 121.4543, 31.220569, '经济型饭店'),
  (187, '上海建四实业有限公司', 'hotel', '新闸路1933号', 121.441621, 31.226222, '商务楼宇'),
  (188, '上海宏泉酒店管理公司', 'hotel', '桃浦路210号', 121.397591, 31.260808, '商务酒店'),
  (189, '上海新发展大酒店有限公司', 'hotel', '大渡河路158号', 121.397075, 31.259178, '豪华酒店'),
  (190, '上海古井金豪酒店管理有限公司', 'hotel', '长寿路700号', 121.43335, 31.237947, '商务酒店'),
  (191, '上海江苏饭店有限公司', 'hotel', '武宁路888号', 121.412321, 31.245852, '商务饭店'),
  (192, '上海金沙江大酒店有限公司', 'hotel', '怒江路257号', 121.398489, 31.231013, '商务酒店'),
  (193, '上海金山宾馆有限公司', 'hotel', '石化金一东路1号', 121.343742, 30.714949, '商务宾馆'),
  (194, '上海新长龄大酒店有限公司', 'hotel', '枫泾镇枫湾路798号', 121.01462, 30.898845, '商务酒店'),
  (195, '上海金来源酒店管理有限公司', 'hotel', '张堰镇松金公路2525号', 121.289279, 30.803332, '商务酒店'),
  (196, '上海钱龙实业有限公司', 'hotel', '金山大道3398号', 121.318299, 30.733133, '商务酒店'),
  (197, '上海广缘大酒店', 'hotel', '朱泾镇罗星南路528号', 121.169231, 30.89022, '商务酒店'),
  (198, '上海湘港大酒店有限公司', 'hotel', '石化沪杭公路8484弄3号', 121.337454, 30.71788, '商务酒店'),
  (199, '上海隆盛餐饮服务有限公司', 'hotel', '石化隆平路759号', 121.337019, 30.718506, '经济型酒店'),
  (200, '上海连通大酒店有限公司', 'hotel', '漕泾镇军民路2号', 121.407519, 30.796286, '商务酒店'),
  (201, '上海爱丁堡大酒店有限公司', 'hotel', '石化龙胜路129号', 121.348731, 30.726111, '商务酒店'),
  (202, '上海金皇朝大酒店有限公司', 'hotel', '枫泾镇泾波路128号', 121.014191, 30.89109, '商务酒店'),
  (203, '上海碧丽宫大酒店有限公司', 'hotel', '亭林镇南亭公路6289号', 121.313651, 30.882734, '商务酒店'),
  (204, '上海耀达房地产开发有限公司', 'hotel', '恒丰路500号', 121.453426, 31.244713, '豪华酒店'),
  (205, '上海广场长城假日酒店', 'hotel', '恒丰路585号', 121.453356, 31.24725, '国际品牌酒店'),
  (206, '上海中祥大酒店有限公司', 'hotel', '中兴路1558号', 121.457315, 31.252074, '商务酒店'),
  (207, '上海锦荣国际大酒店有限公司', 'hotel', '共和新路2750号', 121.451259, 31.283877, '商务酒店'),
  (208, '上海金水湾大酒店有限公司', 'hotel', '恒丰路308号', 121.455921, 31.242399, '商务酒店'),
  (209, '上海华东大酒店有限公司', 'hotel', '天目西路111号', 121.457832, 31.246494, '商务酒店'),
  (210, '上海中土酒店有限责任公司', 'hotel', '共和新路666号', 121.463363, 31.254354, '商务酒店'),
  (211, '上海新民大酒店', 'hotel', '沪太路701号', 121.446731, 31.263633, '商务酒店'),
  (212, '上海圣贤居酒店有限公司', 'hotel', '中兴路1032号', 121.467031, 31.252489, '商务酒店'),
  (213, '上海紫金东悦酒店有限公司', 'hotel', '永兴路669号', 121.464706, 31.250992, '商务酒店'),
  (214, '上海朱家角皇家郁金香花园酒店', 'hotel', '朱家角镇浦祥路79号', 121.045728, 31.105825, '度假酒店'),
  (215, '上海蓝溪房地产开发公司', 'hotel', '沪青平公路2000号', 121.270938, 31.16607, '度假酒店'),
  (216, '上海迪利特大酒店', 'hotel', '华新镇华腾路288号', 121.231542, 31.238338, '商务酒店'),
  (217, '上海群略商务发展有限公司', 'hotel', '城中北路79号', 121.111136, 31.148346, '商务宾馆'),
  (218, '中国石化集团资产经营管理有限公司', 'hotel', '沪青平公路8700号', 120.915756, 31.060651, '会议中心'),
  (219, '上海静安置业集团', 'hotel', '金泽镇沪青平公路8185号', 120.949881, 31.073364, '度假村'),
  (220, '上海南华苑度假村有限公司', 'hotel', '华腾路969号', 121.222159, 31.236219, '度假村'),
  (221, '上海东方绿舟度假村有限公司', 'hotel', '沪青平公路6888号', 121.012163, 31.104513, '度假村'),
  (222, '上海电信实业集团有限公司', 'hotel', '金商路111号', 121.124249, 31.15098, '商务酒店'),
  (223, '上海机场集团培训管理有限公司', 'hotel', '沪青平公路6658号', 121.034922, 31.102649, '培训中心'),
  (224, '上海市纺织职工淀山湖疗养院', 'hotel', '西岑练西路4085号', 120.968767, 31.061342, '疗养院'),
  (225, '上海财苑宾馆', 'hotel', '朱家角镇新溪路100号', 121.0573, 31.109395, '商务宾馆'),
  (226, '上海园湖苑宾馆', 'hotel', '青商路258号', 120.916385, 31.066694, '商务宾馆'),
  (227, '上海好家福酒店', 'hotel', '沪青平公路1915号', 121.276763, 31.166363, '经济型酒店'),
  (228, '上海青浦人家商务发展有限公司', 'hotel', '崧泽大道9168号', 121.121673, 31.176453, '商务酒店'),
  (229, '上海蛛街阁大酒店有限公司', 'hotel', '祥凝浜路102-124号', 121.064303, 31.108022, '商务酒店'),
  (230, '上海华亭宾馆有限公司', 'hotel', '漕溪北路1200号', 121.43543, 31.18135, '豪华宾馆'),
  (231, '上海国际网球中心酒店管理有限公司', 'hotel', '衡山路516号', 121.443703, 31.201729, '豪华酒店'),
  (232, '上海市衡山集团公司', 'hotel', '衡山路534号', 121.44317, 31.200772, '历史名店'),
  (233, '上海建国宾馆有限公司', 'hotel', '漕溪北路439号', 121.438015, 31.189721, '商务宾馆'),
  (234, '上海体育场酒店管理有限公司', 'hotel', '零陵路800号', 121.440169, 31.182835, '体育主题酒店'),
  (235, '上海光大会展中心有限公司', 'hotel', '漕宝路66号', 121.42903, 31.167602, '会展酒店'),
  (236, '上海斯波特体育发展有限公司', 'hotel', '南丹路15号', 121.435537, 31.189336, '体育主题酒店'),
  (237, '青松城大酒店', 'hotel', '东安路8号', 121.44935, 31.198598, '商务酒店'),
  (238, '上海奥林匹克俱乐部', 'hotel', '中山南二路1800号', 121.439457, 31.179583, '体育俱乐部酒店'),
  (239, '上海嘉汇华美达大酒店有限公司', 'hotel', '天钥桥路327号', 121.443488, 31.188638, '商务酒店'),
  (240, '西藏大厦股份有限公司', 'hotel', '虹桥路100号', 121.434468, 31.192353, '商务楼宇酒店'),
  (241, '上海天平宾馆有限公司', 'hotel', '天平路185号', 121.439346, 31.197401, '精品宾馆'),
  (242, '上海新园雅致酒店经营管理有限公司', 'hotel', '漕宝路509号', 121.406077, 31.163913, '商务酒店'),
  (243, '上海华夏宾馆', 'hotel', '漕宝路38号', 121.429921, 31.167677, '商务宾馆'),
  (244, '上海南华亭酒店有限公司', 'hotel', '中山西路2525号', 121.434488, 31.181016, '商务酒店'),
  (245, '中科院上海学术活动中心', 'hotel', '肇嘉浜路500号', 121.45419, 31.201334, '学术会议中心'),
  (246, '建工锦江大酒店', 'hotel', '建国西路691号', 121.444445, 31.199955, '商务酒店'),
  (247, '上海教育会堂', 'hotel', '岳阳路1号', 121.45216, 31.208499, '教育培训中心'),
  (248, '上海田林宾馆有限公司', 'hotel', '田林路1号', 121.423465, 31.171417, '商务宾馆'),
  (249, '上海技贸宾馆', 'hotel', '中山西路1525号', 121.423899, 31.186868, '商务宾馆'),
  (250, '上海新惠宾馆有限公司', 'hotel', '天钥桥路1001号', 121.445772, 31.178163, '商务宾馆'),
  (251, '上海徐汇云悦酒店管理有限公司', 'hotel', '漕宝路93号', 121.427214, 31.168037, '精品酒店'),
  (252, '上海天科经济发展有限公司', 'hotel', '南丹路157号', 121.43281, 31.189777, '商务宾馆'),
  (253, '上海锦江汤臣洲际大酒店', 'hotel', '张杨路777号', 121.521589, 31.229661, '超豪华酒店'),
  (254, '上海浦东新区香格里拉酒店有限公司', 'hotel', '富城路33号', 121.499548, 31.23573, '超豪华酒店'),
  (255, '上海金茂君悦大酒店', 'hotel', '世纪大道88号', 121.505476, 31.235345, '超豪华酒店'),
  (256, '上海国际会议中心有限公司', 'hotel', '滨江大道2727号', 121.496851, 31.239504, '会议型酒店'),
  (257, '上海紫金山大酒店', 'hotel', '东方路778号', 121.523474, 31.227776, '商务酒店'),
  (258, '上海红塔大酒店有限公司', 'hotel', '东方路889号', 121.528309, 31.223872, '豪华酒店'),
  (259, '上海东锦江希尔顿逸林酒店', 'hotel', '杨高南路889号', 121.534581, 31.210891, '国际品牌酒店'),
  (260, '上海外高桥保宏大酒店有限公司', 'hotel', '杨高北路1000号', 121.590259, 31.339094, '商务酒店'),
  (261, '上海东郊宾馆', 'hotel', '金科路1800号', 121.594622, 31.22374, '国宾馆'),
  (262, '上海淳大万丽酒店', 'hotel', '长柳路100号', 121.552258, 31.22386, '豪华酒店'),
  (263, '齐茂中国有限公司', 'hotel', '浦东大道535号', 121.5203, 31.240955, '商务酒店'),
  (264, '上海浦东华油实业有限公司', 'hotel', '东方路969号', 121.529087, 31.2224, '商务酒店'),
  (265, '上海珀丽酒店投资管理有限公司', 'hotel', '民生路1433号', 121.551351, 31.223476, '商务酒店'),
  (266, '上海兴荣温德姆至尊豪廷酒店', 'hotel', '浦东大道2288号', 121.554947, 31.253376, '豪华酒店'),
  (267, '上海世博土地控股有限公司', 'hotel', '雪野路1188号', 121.505126, 31.199084, '会展酒店'),
  (268, '上海新陆一房地产有限公司', 'hotel', '世纪大道8号', 121.528107, 31.2268, '超豪华酒店'),
  (269, '上海浦东星河湾酒店有限公司', 'hotel', '锦绣路2588号', 121.538159, 31.192171, '豪华酒店'),
  (270, '上海皇廷国际大酒店有限公司', 'hotel', '绣川路998号', 121.707679, 31.184597, '豪华酒店'),
  (271, '上海由由国际广场有限公司', 'hotel', '浦建路38号', 121.518194, 31.208972, '商务酒店'),
  (272, '上海柏悦酒店', 'hotel', '世纪大道100号79-93楼', 121.507572, 31.234583, '超豪华酒店'),
  (273, '上海正地酒店管理有限公司', 'hotel', '张杨北路5658号', 121.574497, 31.345466, '商务酒店'),
  (274, '上海中国煤碳大厦有限责任公司', 'hotel', '东方路899号', 121.528886, 31.223074, '商务酒店'),
  (275, '上海通茂大酒店有限公司', 'hotel', '松林路357号', 121.535444, 31.226164, '商务酒店'),
  (276, '上海由由大酒店有限公司', 'hotel', '浦东南路2111号', 121.516994, 31.209518, '商务酒店'),
  (277, '上海国际航运大厦有限公司', 'hotel', '浦东大道728号', 121.524705, 31.239424, '商务楼宇酒店'),
  (278, '上海民航置业有限公司', 'hotel', '新金桥路18号', 121.590865, 31.244723, '商务酒店'),
  (279, '上海山东齐鲁实业总公司', 'hotel', '东方路838号', 121.525802, 31.226014, '商务酒店'),
  (280, '上海机场集团有限公司', 'hotel', '启航路1100号', 121.79934, 31.160757, '机场酒店'),
  (281, '上海宝安大酒店有限公司', 'hotel', '东方路800号', 121.52413, 31.226568, '商务酒店'),
  (282, '上海嘉瑞酒店有限公司', 'hotel', '崮坊路328号', 121.531374, 31.22946, '商务酒店'),
  (283, '上海明城大酒店', 'hotel', '崂山路600号', 121.524246, 31.225556, '商务酒店'),
  (284, '上海临港大酒店有限公司', 'hotel', '大团镇南芦公路888号', 121.736079, 30.964886, '商务酒店'),
  (285, '上海陆家嘴东怡酒店', 'hotel', '丁香路555号', 121.54276, 31.223859, '商务酒店'),
  (286, '上海绿地川沙酒店管理有限公司', 'hotel', '川沙路5500号', 121.699505, 31.184415, '商务酒店'),
  (287, '上海新园雅致酒店经营管理有限公司', 'hotel', '新元南路555号', 121.820049, 30.872001, '商务酒店'),
  (288, '上海陆家嘴商业建设有限公司', 'hotel', '环龙路55号', 121.528401, 31.206519, '商务酒店'),
  (289, '上海莎鸥酒店管理有限公司', 'hotel', '惠南镇城南路630号', 121.695289, 31.190228, '商务酒店'),
  (290, '上海新汇酒店管理有限公司', 'hotel', '惠南镇通济路168号', 121.744603, 31.048407, '商务酒店'),
  (291, '上海汇苑宾馆', 'hotel', '惠南镇城南路398号', 121.700705, 31.19212, '商务宾馆'),
  (292, '上海桃城度假村有限公司', 'hotel', '沪南公路9191号', 121.713945, 31.038135, '度假村'),
  (293, '江天宾馆', 'hotel', '浦东南路3456号', 121.507916, 31.195347, '商务宾馆'),
  (294, '上海仁和大厦有限公司', 'hotel', '浦东大道2056号', 121.549776, 31.248448, '商务楼宇'),
  (295, '上海浦东大酒店有限公司', 'hotel', '浦东南路1888号', 121.518228, 31.215345, '商务酒店'),
  (296, '上海中电大厦企业管理有限公司', 'hotel', '南泉北路1029号', 121.518998, 31.225658, '商务楼宇酒店'),
  (297, '中国石化集团资产经营管理有限公司', 'hotel', '浦东大道2998号', 121.577296, 31.27798, '商务宾馆'),
  (298, '上海双拥活动中心', 'hotel', '浦东大道2601号', 121.564198, 31.260898, '会议中心'),
  (299, '上海南泉大酒店有限公司', 'hotel', '北张家浜路151号', 121.524744, 31.217212, '商务酒店'),
  (300, '上海东海宾馆有限责任公司', 'hotel', '浦东大道281号', 121.516166, 31.240039, '商务宾馆'),
  (301, '上海八方大酒店有限公司', 'hotel', '浦东张杨路1587号', 121.538497, 31.234661, '商务酒店'),
  (302, '上海迪康酒店有限公司', 'hotel', '浦东新区康桥镇秀沿路2571号', 121.604543, 31.137736, '商务酒店'),
  (303, '上海锦江饭店有限公司', 'hotel', '黄浦区茂名南路59号', 121.460718, 31.219935, '历史名店'),
  (304, '上海锦江国际酒店（集团）股份有限公司', 'hotel', '黄浦区长乐路161号', 121.462974, 31.220863, '豪华酒店'),
  (305, '花园饭店（上海）', 'hotel', '黄浦区茂名南路58号', 121.45991, 31.219809, '历史名店'),
  (306, '上海斯格威大酒店有限公司', 'hotel', '黄浦区打浦路15号', 121.47087, 31.204259, '商务酒店'),
  (307, '上海古象大酒店有限公司', 'hotel', '黄浦九江路595号', 121.479502, 31.234362, '商务酒店'),
  (308, '上海和平饭店有限公司', 'hotel', '黄浦区南京东路20号', 121.477072, 31.234663, '历史地标酒店'),
  (309, '上海金光外滩置地有限公司', 'hotel', '黄浦区河南中路88号', 121.48686, 31.232391, '豪华酒店'),
  (310, '上海明天广场有限公司', 'hotel', '黄浦区南京西路399号', 121.46979, 31.23036, '商务酒店'),
  (311, '上海南新雅大酒店', 'hotel', '黄浦区九江路700号', 121.477, 31.234554, '商务酒店'),
  (312, '上海新世界丽笙大酒店有限公司', 'hotel', '黄浦区南京西路88号', 121.473095, 31.2345, '商务酒店'),
  (313, '上海世茂皇家艾美酒店', 'hotel', '黄浦区南京东路789号', 121.477072, 31.234663, '豪华酒店'),
  (314, '上海豫园大酒店有限公司', 'hotel', '黄浦区河南南路159号', 121.487984, 31.227502, '商务酒店'),
  (315, '上海大酒店', 'hotel', '黄浦区九江路505号', 121.481423, 31.235092, '历史名店'),
  (316, '上海外滩半岛酒店有限公司', 'hotel', '黄浦区中山东一路32号', 121.490233, 31.23928, '顶级奢华酒店'),
  (317, '上海绿地海珀酒店管理有限公司', 'hotel', '黄浦区江滨路99号', 121.473338, 31.191858, '豪华酒店'),
  (318, '城市酒店（上海）', 'hotel', '黄浦陕西南路5-7号', 121.457898, 31.219147, '精品酒店'),
  (319, '上海锦江国际饭店有限公司', 'hotel', '黄浦区南京西路170号', 121.450456, 31.228509, '历史名店'),
  (320, '上海海仑宾馆有限公司', 'hotel', '黄浦区南京东路505号', 121.477072, 31.234663, '商务宾馆'),
  (321, '上海王宝和大酒店', 'hotel', '黄浦区九江路555号', 121.480536, 31.234785, '老字号酒店'),
  (322, '上海金外滩宾馆有限公司', 'hotel', '黄浦区广东路525号', 121.481673, 31.231836, '商务宾馆'),
  (323, '上海新协通国际大酒店', 'hotel', '黄浦区北京东路398号', 121.482269, 31.240438, '商务酒店'),
  (324, '上海滨江欣景大酒店', 'hotel', '黄浦区中山南路36号', 121.49967, 31.22425, '江景酒店'),
  (325, '上海明珠大饭店', 'hotel', '黄浦区肇嘉浜路212号', 121.462553, 31.203691, '商务饭店'),
  (326, '上海益民酒店管理有限公司', 'hotel', '黄浦区淮海中路795号', 121.463021, 31.218262, '商务酒店'),
  (327, '上海美辰大酒店', 'hotel', '黄浦区淮海中路935号', 121.460255, 31.217155, '商务酒店'),
  (328, '上海中福大酒店有限公司', 'hotel', '黄浦区九江路619号', 121.478527, 31.234219, '商务酒店'),
  (329, '上海吴宫大酒店', 'hotel', '黄浦区福州路431号', 121.482182, 31.233617, '商务酒店'),
  (330, '上海锦江金门大酒店有限公司', 'hotel', '黄浦区南京西路108号', 121.472543, 31.23427, '商务酒店'),
  (331, '上海锦江国际酒店（集团）股份有限公司新城饭店', 'hotel', '黄浦区江西中路180号', 121.487567, 31.23529, '商务饭店'),
  (332, '上海商悦青年会宾馆有限公司', 'hotel', '黄浦区西藏南路123号', 121.479547, 31.227364, '经济型酒店'),
  (333, '上海君亭酒店管理有限公司', 'hotel', '黄浦区人民路839号', 121.48463, 31.227551, '商务酒店'),
  (334, '上海春申江宾馆有限公司', 'hotel', '黄浦区南京东路626号', 121.477072, 31.234663, '经济型宾馆'),
  (335, '上海七重天宾馆有限公司', 'hotel', '黄浦区南京东路627号', 121.477072, 31.234663, '经济型宾馆'),
  (336, '上海锦江国际发展股份有限公司南京饭店', 'hotel', '黄浦区山西南路200号', 121.482308, 31.237419, '历史饭店'),
  (337, '东亚饭店', 'hotel', '黄浦区南京东路680号', 121.477072, 31.234663, '历史饭店'),
  (338, '上海豫园商城会景楼大酒店有限公司', 'hotel', '黄浦区陆家浜路1088号', 121.487965, 31.211891, '特色酒店'),
  (339, '上海黄金岛大酒店有限公司', 'hotel', '黄浦区制造局路789号', 121.486158, 31.19929, '商务酒店'),
  (340, '上海雍和酒店有限公司', 'hotel', '黄浦区薛家浜路218号', 121.502142, 31.211235, '商务宾馆'),
  (341, '上海豪都大酒店', 'hotel', '黄浦区广西南路41号', 121.481518, 31.227885, '商务酒店'),
  (342, '上海松江开元名都大酒店有限公司', 'hotel', '松江区人民北路1799号', 121.226438, 31.018129, '豪华酒店'),
  (343, '上海世茂庄园置业有限公司', 'hotel', '松江佘山林荫新路1288号', 121.205517, 31.095314, '度假酒店'),
  (344, '上海银湖酒店有限公司', 'hotel', '松江区泗泾镇泗泾公路3388号', 121.223531, 31.113162, '度假酒店'),
  (345, '上海新晖大酒店有限公司', 'hotel', '松江区文诚路765号', 121.210186, 31.031588, '商务酒店'),
  (346, '上海红楼戴斯宾馆有限公司', 'hotel', '松江区普照路1号', 121.239848, 31.003575, '商务宾馆'),
  (347, '上海佘山森林宾馆', 'hotel', '松江区佘山镇外青松公路9259号', 121.197017, 31.095697, '度假宾馆'),
  (348, '上海兰笋山庄', 'hotel', '松江区佘山镇外青松公路9269号', 121.19774, 31.09418, '度假山庄'),
  (349, '上海迎园饭店有限公司', 'hotel', '嘉定区清河路150号', 121.243532, 31.382869, '商务饭店'),
  (350, '上海汽车工业活动中心有限公司', 'hotel', '嘉定区博乐南路125号', 121.262183, 31.376731, '商务酒店'),
  (351, '上海嘉定宾馆有限公司', 'hotel', '嘉定区博乐路100号', 121.253371, 31.383369, '商务宾馆'),
  (352, '上海新词贸易有限公司', 'hotel', '嘉定区安亭镇墨玉路29号', 121.163963, 31.289979, '商务酒店'),
  (353, '上海协通大酒店有限公司', 'hotel', '嘉定区曹安路4671号', 121.369101, 31.255942, '商务酒店'),
  (354, '上海市劳动模范度假村有限公司', 'hotel', '嘉定区安亭镇泰富路55号', 121.221679, 31.315969, '度假村'),
  (355, '上海浦东国际机场', 'transport', '浦东新区机场大道', 121.805214, 31.143378, '国际航空枢纽'),
  (356, '上海虹桥国际机场', 'transport', '长宁区虹桥路2550号', 121.336364, 31.197943, '国际国内航空枢纽'),
  (357, '上海虹桥火车站', 'transport', '闵行区申虹路', 121.320028, 31.194427, '高铁枢纽站'),
  (358, '上海火车站', 'transport', '静安区秣陵路100号', 121.455692, 31.249506, '铁路客运站'),
  (359, '上海南站', 'transport', '徐汇区沪闵路9001号', 121.432884, 31.147766, '铁路客运枢纽'),
  (360, '上海西站', 'transport', '普陀区桃浦路185号', 121.395358, 31.268123, '铁路货运站');

-- ==================== EnterpriseInfo ====================
-- 共 253 条记录

INSERT INTO `EnterpriseInfo` (`enterprise_id`, `enterprise_name`, `enterprise_type`)
VALUES
  (1, '上海博物馆', '事业单位'),
  (2, '上海豫园旅游商城股份有限公司', '上市公司'),
  (3, '上海市规划和自然资源局', '政府机构'),
  (4, '田子坊文化发展有限公司', '民营企业'),
  (5, '上海老码头投资管理有限公司', '民营企业'),
  (6, '上海动物园', '事业单位'),
  (7, '上海长风海洋世界', '民营企业'),
  (8, 'M50创意园区管理公司', '民营企业'),
  (9, '上海静安区绿化市容局', '政府机构'),
  (10, '上海虹口区绿化市容局', '政府机构'),
  (11, '上海虹口区文旅局', '政府机构'),
  (12, '上海共青森林公园', '事业单位'),
  (13, '上海杨浦区绿化市容局', '政府机构'),
  (14, '锦江国际集团', '国有企业'),
  (15, '上海闵行文旅投资发展有限公司', '国有企业'),
  (16, '老外街投资发展有限公司', '民营企业'),
  (17, '上海顾村公园', '事业单位'),
  (18, '东方假日田园旅游发展公司', '民营企业'),
  (19, '上海玻璃博物馆', '民营企业'),
  (20, '上海古猗园', '事业单位'),
  (21, '上海嘉定文旅集团', '国有企业'),
  (22, '华亭镇乡村旅游合作社', '集体企业'),
  (23, '上海东方明珠传媒股份有限公司', '上市公司'),
  (24, '上海野生动物园有限公司', '国有企业'),
  (25, '上海科技馆', '事业单位'),
  (26, '上海陆家嘴集团', '国有企业'),
  (27, '上海世纪公园经营管理有限公司', '国有企业'),
  (28, '上海海昌海洋公园', '民营企业'),
  (29, '上海鲜花港发展有限公司', '国有企业'),
  (30, '中国航海博物馆', '事业单位'),
  (31, '南汇新城镇政府', '政府机构'),
  (32, '大团镇政府', '政府机构'),
  (33, '渔乐湾生态园开发公司', '民营企业'),
  (34, '书院镇乡村旅游合作社', '集体企业'),
  (35, '上海滨海森林公园管理所', '事业单位'),
  (36, '新场镇旅游发展公司', '国有企业'),
  (37, '上海地质科普馆', '事业单位'),
  (38, '上海中医药大学', '事业单位'),
  (39, '上海金山文旅集团', '国有企业'),
  (40, '东林寺', '宗教组织'),
  (41, '廊下镇政府', '政府机构'),
  (42, '金山区文旅局', '政府机构'),
  (43, '张堰镇文化站', '政府机构'),
  (44, '上海佘山国家旅游度假区管委会', '政府机构'),
  (45, '上海松江区文旅局', '政府机构'),
  (46, '上海月湖投资管理有限公司', '民营企业'),
  (47, '上海欢乐谷投资发展有限公司', '国有企业'),
  (48, '上海影视乐园有限公司', '国有企业'),
  (49, '青浦区文旅局', '政府机构'),
  (50, '金泽镇政府', '政府机构'),
  (51, '上海海湾旅游区开发有限公司', '国有企业'),
  (52, '上海都市菜园有限公司', '国有企业'),
  (53, '上海海湾国家森林公园', '事业单位'),
  (54, '奉贤区农业农村委', '政府机构'),
  (55, '庄行镇政府', '政府机构'),
  (56, '上海崇明东平国家森林公园', '事业单位'),
  (57, '前卫生态村', '集体企业'),
  (58, '崇明西沙湿地管理所', '政府机构'),
  (59, '瀛东生态村', '集体企业'),
  (60, '高家庄园投资公司', '民营企业'),
  (61, '瑞华果业合作社', '集体企业'),
  (62, '江南三民文化村', '民营企业'),
  (63, '上海大观园有限公司', '国有企业'),
  (64, '朱家角投资发展有限公司', '国有企业'),
  (65, '上海东方绿舟', '事业单位'),
  (66, '上海植物园', '事业单位'),
  (67, '宋庆龄故居纪念馆', '事业单位'),
  (68, '马陆镇政府', '政府机构'),
  (69, '徐汇区文旅局', '政府机构'),
  (70, '宝山区文旅局', '政府机构'),
  (71, '上海宝山国际民间艺术博览馆', '事业单位'),
  (72, '上海辰山植物园', '事业单位'),
  (73, '上海醉白池公园', '事业单位'),
  (74, '联怡果业合作社', '集体企业'),
  (75, '金山嘴渔村发展有限公司', '国有企业'),
  (76, '美兰湖投资发展有限公司', '国有企业'),
  (77, '上海汽车博览公园', '事业单位'),
  (78, '嘉定区农业农村委', '政府机构'),
  (79, '书院镇农业合作社', '集体企业'),
  (80, '多利农庄投资公司', '民营企业'),
  (81, '上海闻道园投资管理公司', '民营企业'),
  (82, '菲尼克斯生态园', '民营企业'),
  (83, '游龙石文化发展公司', '民营企业'),
  (84, '默林娱乐集团', '外资企业'),
  (85, '上海闵行体育公园', '事业单位'),
  (86, '韩湘水博园投资公司', '民营企业'),
  (87, '上海国际赛车场经营公司', '国有企业'),
  (88, '周浦镇政府', '政府机构'),
  (89, '雪浪湖生态园开发公司', '民营企业'),
  (90, '紫海鹭缘投资公司', '民营企业'),
  (91, '上海国际时尚中心', '国有企业'),
  (92, '上海崧泽遗址博物馆', '事业单位'),
  (93, '中共二大会址纪念馆', '事业单位'),
  (94, '上海富建酒店有限公司', '民营企业'),
  (95, '上海烟草集团', '国有企业'),
  (96, '上海交通大学', '事业单位'),
  (97, '上海莘城宾馆', '民营企业'),
  (98, '上海雍和酒店管理公司', '民营企业'),
  (99, '上海九宇酒店管理公司', '民营企业'),
  (100, '上海南亚宾馆', '民营企业'),
  (101, '宝钢集团', '国有企业'),
  (102, '上海紫薇酒店管理公司', '民营企业'),
  (103, '上海金仓永华酒店', '民营企业'),
  (104, '上海金富门酒店', '民营企业'),
  (105, '上海北翼酒店管理公司', '民营企业'),
  (106, '上海华方实业', '民营企业'),
  (107, '上海南郊宾馆', '国有企业'),
  (108, '上海悦华酒店管理公司', '民营企业'),
  (109, '上海新发展集团', '民营企业'),
  (110, '上海海景海港酒店', '民营企业'),
  (111, '上海宏达山庄', '民营企业'),
  (112, '上海龙之梦酒店管理公司', '民营企业'),
  (113, '喜达屋酒店集团', '外资企业'),
  (114, '万豪国际集团', '外资企业'),
  (115, '洲际酒店集团', '外资企业'),
  (116, '上海美仑酒店', '民营企业'),
  (117, '上海君亭酒店管理公司', '民营企业'),
  (118, '上海三湘实业', '民营企业'),
  (119, '上海绿洲企业', '民营企业'),
  (120, '上海机场集团', '国有企业'),
  (121, '上海虹桥云峰宾馆', '民营企业'),
  (122, '上海新世纪酒店', '民营企业'),
  (123, '上海远洋宾馆', '国有企业'),
  (124, '上海九龙宾馆', '民营企业'),
  (125, '上海天鹅宾馆', '民营企业'),
  (126, '中石油集团', '国有企业'),
  (127, '上海酒钢大酒店', '国有企业'),
  (128, '上海外国语大学', '事业单位'),
  (129, '上海瀚海明玉酒店', '民营企业'),
  (130, '上海同济君禧酒店', '民营企业'),
  (131, '上海甸园宾馆', '民营企业'),
  (132, '同济大学', '事业单位'),
  (133, '上海华晶宾馆', '民营企业'),
  (134, '复旦大学', '事业单位'),
  (135, '上海凤凰大酒店', '民营企业'),
  (136, '上海白玉兰宾馆', '民营企业'),
  (137, '上海长城饭店', '民营企业'),
  (138, '上海天益宾馆', '民营企业'),
  (139, '上海新崇大酒店', '民营企业'),
  (140, '上海顺利大酒店', '民营企业'),
  (141, '上海天鹤大酒店', '民营企业'),
  (142, '崇明县政府', '政府机构'),
  (143, '上海先丰宾馆', '民营企业'),
  (144, '上海乐岛宾馆', '民营企业'),
  (145, '上海思致酒店', '民营企业'),
  (146, '希尔顿集团', '外资企业'),
  (147, '上海宏安瑞士酒店', '民营企业'),
  (148, '上海国际贵都饭店', '民营企业'),
  (149, '上海美丽园酒店', '民营企业'),
  (150, '上海陕西商务酒店', '民营企业'),
  (151, '上海吉臣酒店', '民营企业'),
  (152, '上海泛洋度假村', '民营企业'),
  (153, '上海银发大酒店', '民营企业'),
  (154, '上海云峰大饭店', '民营企业'),
  (155, '上海纺织集团', '国有企业'),
  (156, '上海建工集团', '国有企业'),
  (157, '温德姆酒店集团', '外资企业'),
  (158, '上海金沙江大酒店', '民营企业'),
  (159, '上海金山宾馆', '国有企业'),
  (160, '上海新长龄大酒店', '民营企业'),
  (161, '上海金来源酒店', '民营企业'),
  (162, '上海钱龙实业', '民营企业'),
  (163, '上海广缘大酒店', '民营企业'),
  (164, '上海湘港大酒店', '民营企业'),
  (165, '上海隆盛餐饮', '民营企业'),
  (166, '上海连通大酒店', '民营企业'),
  (167, '上海爱丁堡大酒店', '民营企业'),
  (168, '上海金皇朝大酒店', '民营企业'),
  (169, '上海碧丽宫大酒店', '民营企业'),
  (170, '上海中祥大酒店', '民营企业'),
  (171, '上海锦荣国际大酒店', '民营企业'),
  (172, '上海金水湾大酒店', '民营企业'),
  (173, '上海华东大酒店', '民营企业'),
  (174, '中国中铁', '国有企业'),
  (175, '上海新民大酒店', '民营企业'),
  (176, '上海圣贤居酒店', '民营企业'),
  (177, '上海紫金东悦酒店', '民营企业'),
  (178, '上海迪利特大酒店', '民营企业'),
  (179, '青浦区政府', '政府机构'),
  (180, '中石化集团', '国有企业'),
  (181, '上海静安置业集团', '国有企业'),
  (182, '上海南华苑度假村', '民营企业'),
  (183, '上海电信集团', '国有企业'),
  (184, '上海财苑宾馆', '民营企业'),
  (185, '上海园湖苑宾馆', '民营企业'),
  (186, '上海好家福酒店', '民营企业'),
  (187, '上海青浦人家', '民营企业'),
  (188, '上海朱街阁大酒店', '民营企业'),
  (189, '上海光大会展中心', '国有企业'),
  (190, '上海斯波特体育', '民营企业'),
  (191, '上海青松城酒店', '民营企业'),
  (192, '上海奥林匹克俱乐部', '民营企业'),
  (193, '上海嘉汇华美达', '民营企业'),
  (194, '上海新园酒店', '民营企业'),
  (195, '上海华夏宾馆', '民营企业'),
  (196, '上海南华亭酒店', '民营企业'),
  (197, '中国科学院', '事业单位'),
  (198, '上海市教委', '政府机构'),
  (199, '上海田林宾馆', '民营企业'),
  (200, '上海技贸宾馆', '民营企业'),
  (201, '上海新惠宾馆', '民营企业'),
  (202, '上海徐汇云悦酒店', '民营企业'),
  (203, '上海天科经济发展', '民营企业'),
  (204, '香格里拉集团', '外资企业'),
  (205, '凯悦酒店集团', '外资企业'),
  (206, '上海星河湾酒店', '民营企业'),
  (207, '上海皇廷国际', '民营企业'),
  (208, '上海豪生酒店', '民营企业'),
  (209, '上海通茂大酒店', '民营企业'),
  (210, '雅高酒店集团', '外资企业'),
  (211, '上海宝安大酒店', '民营企业'),
  (212, '上海嘉瑞酒店', '民营企业'),
  (213, '上海明城大酒店', '民营企业'),
  (214, '上海临港大酒店', '国有企业'),
  (215, '上海陆家嘴东怡', '民营企业'),
  (216, '绿地集团', '民营企业'),
  (217, '上海莎鸥酒店', '民营企业'),
  (218, '上海新汇酒店', '民营企业'),
  (219, '上海汇苑宾馆', '民营企业'),
  (220, '上海桃城度假村', '民营企业'),
  (221, '上海仁和大厦', '民营企业'),
  (222, '上海中电大厦', '国有企业'),
  (223, '上海双拥活动中心', '政府机构'),
  (224, '上海南泉大酒店', '民营企业'),
  (225, '上海东海宾馆', '国有企业'),
  (226, '上海八方大酒店', '民营企业'),
  (227, '上海迪康酒店', '民营企业'),
  (228, '威斯汀集团', '外资企业'),
  (229, '丽笙酒店集团', '外资企业'),
  (230, '半岛酒店集团', '外资企业'),
  (231, '上海新协通酒店', '民营企业'),
  (232, '上海滨江欣景', '民营企业'),
  (233, '上海明珠大饭店', '民营企业'),
  (234, '上海益民酒店', '民营企业'),
  (235, '上海美辰大酒店', '民营企业'),
  (236, '上海中福大酒店', '民营企业'),
  (237, '上海吴宫大酒店', '民营企业'),
  (238, '上海商悦青年会', '民营企业'),
  (239, '上海七重天宾馆', '民营企业'),
  (240, '上海豫园商城', '上市公司'),
  (241, '上海黄金岛酒店', '民营企业'),
  (242, '上海豪都大酒店', '民营企业'),
  (243, '开元酒店集团', '民营企业'),
  (244, '上海新晖大酒店', '民营企业'),
  (245, '上海佘山森林宾馆', '国有企业'),
  (246, '上海兰笋山庄', '民营企业'),
  (247, '上海迎园饭店', '民营企业'),
  (248, '上海汽车工业集团', '国有企业'),
  (249, '上海嘉定宾馆', '国有企业'),
  (250, '上海新词大酒店', '民营企业'),
  (251, '上海协通大酒店', '民营企业'),
  (252, '上海劳模度假村', '事业单位'),
  (253, '中国铁路上海局集团', '国有企业');

-- ==================== WeatherAlert ====================
-- 共 5 条记录

INSERT INTO `WeatherAlert` (`alert_id`, `title`, `level`, `status`, `publish_time`)
VALUES
  (1, '暴雨黄色预警', '黄色', '生效中', '2025-12-24 08:00:00'),
  (2, '大风蓝色预警', '蓝色', '生效中', '2025-12-24 09:00:00'),
  (3, '雷电黄色预警', '黄色', '已解除', '2025-12-24 10:00:00'),
  (4, '高温橙色预警', '橙色', '生效中', '2025-12-24 11:00:00'),
  (5, '寒潮蓝色预警', '蓝色', '预警中', '2025-12-24 12:00:00');

-- ==================== ScenicSpotDetails ====================
-- 共 99 条记录

INSERT INTO `ScenicSpotDetails` (`s_id`, `scenic_spot_id`, `level`, `max_capacity`)
VALUES
  (1, 1, 'AAAA', 8000.0),
  (2, 2, 'AAAA', 15000.0),
  (3, 3, 'AAAA', 10000.0),
  (4, 4, 'AAA', 8000.0),
  (5, 5, 'AAA', 23744.0),
  (6, 6, 'AAAA', 44000.0),
  (7, 7, 'AAAA', 50000.0),
  (8, 8, 'AAA', 14350.0),
  (9, 9, 'AAA', 105247.0),
  (10, 10, 'AAA', 102400.0),
  (11, 11, 'AAA', 89731.0),
  (12, 12, 'AAA', 1600.0),
  (13, 13, 'AAAA', 63000.0),
  (14, 14, 'AAA', 65000.0),
  (15, 15, 'AAAA', 37500.0),
  (16, 16, 'AAA', 42000.0),
  (17, 17, 'AAA', 11692.0),
  (18, 18, 'AAAA', 200780.0),
  (19, 19, 'AAA', 7600.0),
  (20, 20, 'AAAA', 6500.0),
  (21, 21, 'AAAA', 45000.0),
  (22, 22, 'AAAA', 162000.0),
  (23, 23, 'AAAA', 26000.0),
  (24, 24, 'AAA', 21250.0),
  (25, 25, 'AAAAA', 35000.0),
  (26, 26, 'AAAAA', 96000.0),
  (27, 27, 'AAAAA', 30000.0),
  (28, 28, 'AAAA', 15600.0),
  (29, 29, 'AAAA', 98989.0),
  (30, 30, 'AAAA', 29000.0),
  (31, 31, 'AAAA', 88000.0),
  (32, 32, 'AAAA', 20000.0),
  (33, 33, 'AAAA', 16000.0),
  (34, 34, 'AAA', 29374.0),
  (35, 35, 'AAA', 29630.0),
  (36, 36, 'AAA', 4344.0),
  (37, 37, 'AAA', 3220.0),
  (38, 38, 'AAA', 29384.0),
  (39, 39, 'AAA', 20352.0),
  (40, 40, 'AAA', 5500.0),
  (41, 41, 'AAA', 11604.0),
  (42, 42, 'AAAA', 43500.0),
  (43, 43, 'AAAA', 50000.0),
  (44, 44, 'AAAA', 10000.0),
  (45, 45, 'AAA', 7800.0),
  (46, 46, 'AAA', 10200.0),
  (47, 47, 'AAA', 500.0),
  (48, 48, 'AAAA', 87932.0),
  (49, 49, 'AAAA', 15000.0),
  (50, 50, 'AAAA', 20000.0),
  (51, 51, 'AAAA', 80664.0),
  (52, 52, 'AAA', 20000.0),
  (53, 53, 'AAA', 3633.0),
  (54, 54, 'AAA', 4700.0),
  (55, 55, 'AAAA', 43000.0),
  (56, 56, 'AAAA', 10700.0),
  (57, 57, 'AAAA', 151778.0),
  (58, 58, 'AAA', 14942.0),
  (59, 59, 'AAA', 68100.0),
  (60, 60, 'AAAA', 114630.0),
  (61, 61, 'AAAA', 38350.0),
  (62, 62, 'AAAA', 108192.0),
  (63, 63, 'AAA', 7040.0),
  (64, 64, 'AAA', 34090.0),
  (65, 65, 'AAA', 21818.0),
  (66, 66, 'AAA', 13827.0),
  (67, 67, 'AAAA', 8981.0),
  (68, 68, 'AAAA', 20000.0),
  (69, 69, 'AAAA', 33784.0),
  (70, 70, 'AAAA', 110188.0),
  (71, 71, 'AAAA', 104910.0),
  (72, 72, 'AAAA', 2500.0),
  (73, 73, 'AAAA', 10920.0),
  (74, 74, 'AAAA', 95235.0),
  (75, 75, 'AAAA', 23346.0),
  (76, 76, 'AAAA', 3000.0),
  (77, 77, 'AAAA', 94054.0),
  (78, 78, 'AAA', 10000.0),
  (79, 79, 'AAA', 10540.0),
  (80, 80, 'AAA', 21000.0),
  (81, 81, 'AAAA', 50000.0),
  (82, 82, 'AAAA', 140000.0),
  (83, 83, 'AAA', 12000.0),
  (84, 84, 'AAA', 4122.0),
  (85, 85, 'AAA', 10804.0),
  (86, 86, 'AAAA', 30000.0),
  (87, 87, 'AAA', 3898.0),
  (88, 88, 'AAA', 5000.0),
  (89, 89, 'AAAA', 23650.0),
  (90, 90, 'AAA', 22840.0),
  (91, 91, 'AAA', 43348.0),
  (92, 92, 'AAA', 6000.0),
  (93, 93, 'AAAA', 123600.0),
  (94, 94, 'AAA', 15000.0),
  (95, 95, 'AAA', 40000.0),
  (96, 96, 'AAA', 18000.0),
  (97, 97, 'AAAA', 30000.0),
  (98, 98, 'AAA', 5000.0),
  (99, 99, 'AAA', 10000.0);

-- ==================== HotelDetails ====================
-- 共 255 条记录

INSERT INTO `HotelDetails` (`h_id`, `hotel_id`, `scenic_spot_detail_id`, `star_rating`, `room_count`)
VALUES
  (1, 100, NULL, '5星级', 280.0),
  (2, 101, NULL, '3星级', 150.0),
  (3, 102, NULL, '3星级', 120.0),
  (4, 103, NULL, '3星级', 95.0),
  (5, 104, NULL, '3星级', 108.0),
  (6, 105, NULL, '2星级', 85.0),
  (7, 106, NULL, '2星级', 72.0),
  (8, 107, NULL, '4星级', 180.0),
  (9, 108, NULL, '4星级', 200.0),
  (10, 109, NULL, '4星级', 165.0),
  (11, 110, NULL, '3星级', 125.0),
  (12, 111, NULL, '3星级', 135.0),
  (13, 112, NULL, '1星级', 60.0),
  (14, 113, NULL, '5星级', 300.0),
  (15, 114, NULL, '5星级', 265.0),
  (16, 115, NULL, '4星级', 220.0),
  (17, 116, NULL, '4星级', 185.0),
  (18, 117, NULL, '3星级', 145.0),
  (19, 118, NULL, '2星级', 80.0),
  (20, 119, NULL, '5星级', 180.0),
  (21, 120, NULL, '5星级', 360.0),
  (22, 121, NULL, '5星级', 520.0),
  (23, 122, NULL, '5星级', 498.0),
  (24, 123, NULL, '5星级', 345.0),
  (25, 124, NULL, '5星级', 268.0),
  (26, 125, NULL, '5星级', 235.0),
  (27, 126, NULL, '5星级', 408.0),
  (28, 127, NULL, '5星级', 300.0),
  (29, 128, NULL, '5星级', 450.0),
  (30, 129, NULL, '5星级', 288.0),
  (31, 130, NULL, '4星级', 185.0),
  (32, 131, NULL, '4星级', 155.0),
  (33, 132, NULL, '4星级', 175.0),
  (34, 133, NULL, '3星级', 128.0),
  (35, 134, NULL, '3星级', 95.0),
  (36, 135, NULL, '3星级', 220.0),
  (37, 136, NULL, '3星级', 118.0),
  (38, 137, NULL, '3星级', 165.0),
  (39, 138, NULL, '3星级', 88.0),
  (40, 139, NULL, '3星级', 105.0),
  (41, 140, NULL, '5星级', 258.0),
  (42, 141, NULL, '4星级', 188.0),
  (43, 142, NULL, '4星级', 145.0),
  (44, 143, NULL, '4星级', 168.0),
  (45, 144, NULL, '4星级', 285.0),
  (46, 145, NULL, '4星级', 205.0),
  (47, 146, NULL, '3星级', 128.0),
  (48, 147, NULL, '3星级', 108.0),
  (49, 148, NULL, '3星级', 95.0),
  (50, 149, NULL, '3星级', 135.0),
  (51, 150, NULL, '3星级', 118.0),
  (52, 151, NULL, '2星级', 85.0),
  (53, 152, NULL, '2星级', 75.0),
  (54, 153, NULL, '5星级', 315.0),
  (55, 154, NULL, '4星级', 268.0),
  (56, 155, NULL, '4星级', 195.0),
  (57, 156, NULL, '4星级', 178.0),
  (58, 157, NULL, '3星级', 125.0),
  (59, 158, NULL, '3星级', 98.0),
  (60, 159, NULL, '3星级', 88.0),
  (61, 160, NULL, '3星级', 148.0),
  (62, 161, NULL, '3星级', 105.0),
  (63, 162, NULL, '2星级', 75.0),
  (64, 163, NULL, '2星级', 68.0),
  (65, 164, NULL, '4星级', 258.0),
  (66, 165, NULL, '3星级', 168.0),
  (67, 166, NULL, '3星级', 145.0),
  (68, 167, NULL, '3星级', 98.0),
  (69, 168, NULL, '2星级', 85.0),
  (70, 169, NULL, '2星级', 72.0),
  (71, 170, NULL, '2星级', 65.0),
  (72, 171, NULL, '5星级', 578.0),
  (73, 172, NULL, '5星级', 425.0),
  (74, 173, NULL, '5星级', 398.0),
  (75, 174, NULL, '5星级', 328.0),
  (76, 175, NULL, '4星级', 208.0),
  (77, 176, NULL, '4星级', 245.0),
  (78, 177, NULL, '4星级', 185.0),
  (79, 178, NULL, '4星级', 268.0),
  (80, 179, NULL, '4星级', 198.0),
  (81, 180, NULL, '4星级', 175.0),
  (82, 181, NULL, '3星级', 148.0),
  (83, 182, NULL, '3星级', 128.0),
  (84, 183, NULL, '3星级', 118.0),
  (85, 184, NULL, '3星级', 95.0),
  (86, 185, NULL, '2星级', 88.0),
  (87, 186, NULL, '2星级', 65.0),
  (88, 187, NULL, '2星级', 72.0),
  (89, 188, NULL, '5星级', 358.0),
  (90, 189, NULL, '5星级', 428.0),
  (91, 190, NULL, '4星级', 268.0),
  (92, 191, NULL, '4星级', 195.0),
  (93, 192, NULL, '3星级', 148.0),
  (94, 193, NULL, '3星级', 128.0),
  (95, 194, NULL, '3星级', 158.0),
  (96, 195, NULL, '3星级', 138.0),
  (97, 196, NULL, '3星级', 168.0),
  (98, 197, NULL, '3星级', 145.0),
  (99, 198, NULL, '2星级', 95.0),
  (100, 199, NULL, '2星级', 85.0),
  (101, 200, NULL, '2星级', 78.0),
  (102, 201, NULL, '2星级', 88.0),
  (103, 202, NULL, '2星级', 92.0),
  (104, 203, NULL, '2星级', 82.0),
  (105, 204, NULL, '5星级', 498.0),
  (106, 205, NULL, '4星级', 365.0),
  (107, 206, NULL, '4星级', 288.0),
  (108, 207, NULL, '4星级', 245.0),
  (109, 208, NULL, '4星级', 268.0),
  (110, 209, NULL, '3星级', 185.0),
  (111, 210, NULL, '3星级', 158.0),
  (112, 211, NULL, '3星级', 148.0),
  (113, 212, NULL, '2星级', 95.0),
  (114, 213, NULL, '2星级', 88.0),
  (115, 214, NULL, '5星级', 328.0),
  (116, 215, NULL, '4星级', 268.0),
  (117, 216, NULL, '4星级', 198.0),
  (118, 217, NULL, '3星级', 148.0),
  (119, 218, NULL, '3星级', 225.0),
  (120, 219, NULL, '3星级', 158.0),
  (121, 220, NULL, '3星级', 168.0),
  (122, 221, NULL, '3星级', 258.0),
  (123, 222, NULL, '3星级', 185.0),
  (124, 223, NULL, '3星级', 138.0),
  (125, 224, NULL, '3星级', 128.0),
  (126, 225, NULL, '3星级', 95.0),
  (127, 226, NULL, '2星级', 75.0),
  (128, 227, NULL, '2星级', 68.0),
  (129, 228, NULL, '2星级', 82.0),
  (130, 229, NULL, '2星级', 78.0),
  (131, 230, NULL, '5星级', 458.0),
  (132, 231, NULL, '5星级', 385.0),
  (133, 232, NULL, '5星级', 368.0),
  (134, 233, NULL, '4星级', 268.0),
  (135, 234, NULL, '4星级', 295.0),
  (136, 235, NULL, '4星级', 358.0),
  (137, 236, NULL, '4星级', 248.0),
  (138, 237, NULL, '4星级', 228.0),
  (139, 238, NULL, '4星级', 185.0),
  (140, 239, NULL, '4星级', 268.0),
  (141, 240, NULL, '4星级', 198.0),
  (142, 241, NULL, '4星级', 148.0),
  (143, 242, NULL, '4星级', 218.0),
  (144, 243, NULL, '3星级', 158.0),
  (145, 244, NULL, '3星级', 138.0),
  (146, 245, NULL, '3星级', 185.0),
  (147, 246, NULL, '3星级', 168.0),
  (148, 247, NULL, '3星级', 128.0),
  (149, 248, NULL, '3星级', 118.0),
  (150, 249, NULL, '3星级', 95.0),
  (151, 250, NULL, '3星级', 108.0),
  (152, 251, NULL, '3星级', 88.0),
  (153, 252, NULL, '2星级', 75.0),
  (154, 253, NULL, '5星级', 598.0),
  (155, 254, NULL, '5星级', 628.0),
  (156, 255, NULL, '5星级', 555.0),
  (157, 256, NULL, '5星级', 458.0),
  (158, 257, NULL, '5星级', 385.0),
  (159, 258, NULL, '5星级', 428.0),
  (160, 259, NULL, '5星级', 398.0),
  (161, 260, NULL, '5星级', 348.0),
  (162, 261, NULL, '5星级', 298.0),
  (163, 262, NULL, '5星级', 358.0),
  (164, 263, NULL, '5星级', 328.0),
  (165, 264, NULL, '5星级', 368.0),
  (166, 265, NULL, '5星级', 408.0),
  (167, 266, NULL, '5星级', 438.0),
  (168, 267, NULL, '5星级', 488.0),
  (169, 268, NULL, '5星级', 558.0),
  (170, 269, NULL, '5星级', 428.0),
  (171, 270, NULL, '5星级', 368.0),
  (172, 271, NULL, '5星级', 398.0),
  (173, 272, NULL, '5星级', 174.0),
  (174, 273, NULL, '5星级', 328.0),
  (175, 274, NULL, '4星级', 268.0),
  (176, 275, NULL, '4星级', 248.0),
  (177, 276, NULL, '4星级', 288.0),
  (178, 277, NULL, '4星级', 308.0),
  (179, 278, NULL, '4星级', 268.0),
  (180, 279, NULL, '4星级', 258.0),
  (181, 280, NULL, '4星级', 348.0),
  (182, 281, NULL, '4星级', 238.0),
  (183, 282, NULL, '4星级', 228.0),
  (184, 283, NULL, '4星级', 218.0),
  (185, 284, NULL, '4星级', 268.0),
  (186, 285, NULL, '4星级', 248.0),
  (187, 286, NULL, '4星级', 298.0),
  (188, 287, NULL, '4星级', 278.0),
  (189, 288, NULL, '4星级', 258.0),
  (190, 289, NULL, '4星级', 238.0),
  (191, 290, NULL, '3星级', 188.0),
  (192, 291, NULL, '3星级', 168.0),
  (193, 292, NULL, '3星级', 158.0),
  (194, 293, NULL, '3星级', 148.0),
  (195, 294, NULL, '3星级', 138.0),
  (196, 295, NULL, '3星级', 178.0),
  (197, 296, NULL, '3星级', 128.0),
  (198, 297, NULL, '3星级', 158.0),
  (199, 298, NULL, '3星级', 118.0),
  (200, 299, NULL, '3星级', 148.0),
  (201, 300, NULL, '3星级', 138.0),
  (202, 301, NULL, '3星级', 118.0),
  (203, 302, NULL, '3星级', 105.0),
  (204, 303, NULL, '5星级', 420.0),
  (205, 304, NULL, '5星级', 385.0),
  (206, 305, NULL, '5星级', 498.0),
  (207, 306, NULL, '5星级', 342.0),
  (208, 307, NULL, '5星级', 288.0),
  (209, 308, NULL, '5星级', 270.0),
  (210, 309, NULL, '5星级', 558.0),
  (211, 310, NULL, '5星级', 342.0),
  (212, 311, NULL, '5星级', 215.0),
  (213, 312, NULL, '5星级', 328.0),
  (214, 313, NULL, '5星级', 342.0),
  (215, 314, NULL, '5星级', 268.0),
  (216, 315, NULL, '5星级', 245.0),
  (217, 316, NULL, '5星级', 235.0),
  (218, 317, NULL, '5星级', 365.0),
  (219, 318, NULL, '4星级', 168.0),
  (220, 319, NULL, '4星级', 205.0),
  (221, 320, NULL, '4星级', 178.0),
  (222, 321, NULL, '4星级', 142.0),
  (223, 322, NULL, '4星级', 155.0),
  (224, 323, NULL, '4星级', 188.0),
  (225, 324, NULL, '4星级', 195.0),
  (226, 325, NULL, '3星级', 125.0),
  (227, 326, NULL, '3星级', 138.0),
  (228, 327, NULL, '3星级', 115.0),
  (229, 328, NULL, '3星级', 108.0),
  (230, 329, NULL, '3星级', 128.0),
  (231, 330, NULL, '3星级', 145.0),
  (232, 331, NULL, '3星级', 132.0),
  (233, 332, NULL, '3星级', 95.0),
  (234, 333, NULL, '3星级', 110.0),
  (235, 334, NULL, '2星级', 75.0),
  (236, 335, NULL, '2星级', 68.0),
  (237, 336, NULL, '2星级', 82.0),
  (238, 337, NULL, '2星级', 72.0),
  (239, 338, NULL, '2星级', 65.0),
  (240, 339, NULL, '2星级', 78.0),
  (241, 340, NULL, '2星级', 88.0),
  (242, 341, NULL, '2星级', 92.0),
  (243, 342, NULL, '5星级', 325.0),
  (244, 343, NULL, '5星级', 285.0),
  (245, 344, NULL, '5星级', 368.0),
  (246, 345, NULL, '4星级', 195.0),
  (247, 346, NULL, '4星级', 168.0),
  (248, 347, NULL, '3星级', 125.0),
  (249, 348, NULL, '3星级', 95.0),
  (250, 349, NULL, '4星级', 188.0),
  (251, 350, NULL, '4星级', 215.0),
  (252, 351, NULL, '4星级', 165.0),
  (253, 352, NULL, '3星级', 128.0),
  (254, 353, NULL, '3星级', 145.0),
  (255, 354, NULL, '3星级', 98.0);

-- ==================== EnterprisePoiLink ====================
-- 共 360 条记录

INSERT INTO `EnterprisePoiLink` (`e_id`, `enterprise_id`, `poi_id`, `relationship_type`)
VALUES
  (1, 1, 1, '管理'),
  (2, 2, 2, '管理'),
  (3, 3, 3, '管理'),
  (4, 4, 4, '管理'),
  (5, 5, 5, '管理'),
  (6, 6, 6, '管理'),
  (7, 7, 7, '管理'),
  (8, 8, 8, '管理'),
  (9, 9, 9, '管理'),
  (10, 10, 10, '管理'),
  (11, 10, 11, '管理'),
  (12, 11, 12, '管理'),
  (13, 12, 13, '管理'),
  (14, 13, 14, '管理'),
  (15, 14, 15, '管理'),
  (16, 15, 16, '管理'),
  (17, 16, 17, '管理'),
  (18, 17, 18, '管理'),
  (19, 18, 19, '管理'),
  (20, 19, 20, '管理'),
  (21, 20, 21, '管理'),
  (22, 21, 22, '管理'),
  (23, 21, 23, '管理'),
  (24, 22, 24, '管理'),
  (25, 23, 25, '拥有'),
  (26, 24, 26, '管理'),
  (27, 25, 27, '管理'),
  (28, 26, 28, '拥有'),
  (29, 27, 29, '管理'),
  (30, 28, 30, '管理'),
  (31, 29, 31, '管理'),
  (32, 30, 32, '管理'),
  (33, 26, 33, '拥有'),
  (34, 31, 34, '管理'),
  (35, 32, 35, '管理'),
  (36, 33, 36, '管理'),
  (37, 34, 37, '管理'),
  (38, 35, 38, '管理'),
  (39, 36, 39, '管理'),
  (40, 37, 40, '管理'),
  (41, 38, 41, '管理'),
  (42, 39, 42, '管理'),
  (43, 39, 43, '管理'),
  (44, 40, 44, '管理'),
  (45, 41, 45, '管理'),
  (46, 42, 46, '管理'),
  (47, 43, 47, '管理'),
  (48, 44, 48, '管理'),
  (49, 45, 49, '管理'),
  (50, 46, 50, '管理'),
  (51, 47, 51, '管理'),
  (52, 48, 52, '管理'),
  (53, 49, 53, '管理'),
  (54, 50, 54, '管理'),
  (55, 51, 55, '管理'),
  (56, 52, 56, '管理'),
  (57, 53, 57, '管理'),
  (58, 54, 58, '管理'),
  (59, 55, 59, '管理'),
  (60, 56, 60, '管理'),
  (61, 57, 61, '管理'),
  (62, 58, 62, '管理'),
  (63, 59, 63, '管理'),
  (64, 60, 64, '管理'),
  (65, 61, 65, '管理'),
  (66, 62, 66, '管理'),
  (67, 49, 67, '管理'),
  (68, 63, 68, '管理'),
  (69, 64, 69, '管理'),
  (70, 65, 70, '管理'),
  (71, 66, 71, '管理'),
  (72, 67, 72, '管理'),
  (73, 68, 73, '管理'),
  (74, 69, 74, '管理'),
  (75, 70, 75, '管理'),
  (76, 71, 76, '管理'),
  (77, 72, 77, '管理'),
  (78, 73, 78, '管理'),
  (79, 74, 79, '管理'),
  (80, 75, 80, '管理'),
  (81, 76, 81, '管理'),
  (82, 77, 82, '管理'),
  (83, 78, 83, '管理'),
  (84, 79, 84, '管理'),
  (85, 80, 85, '管理'),
  (86, 81, 86, '管理'),
  (87, 82, 87, '管理'),
  (88, 83, 88, '管理'),
  (89, 84, 89, '拥有'),
  (90, 11, 90, '管理'),
  (91, 85, 91, '管理'),
  (92, 86, 92, '管理'),
  (93, 87, 93, '管理'),
  (94, 88, 94, '管理'),
  (95, 89, 95, '管理'),
  (96, 90, 96, '管理'),
  (97, 91, 97, '管理'),
  (98, 92, 98, '管理'),
  (99, 93, 99, '管理'),
  (100, 94, 100, '拥有'),
  (101, 95, 101, '拥有'),
  (102, 96, 102, '拥有'),
  (103, 97, 103, '拥有'),
  (104, 98, 104, '拥有'),
  (105, 99, 105, '拥有'),
  (106, 100, 106, '拥有'),
  (107, 101, 107, '拥有'),
  (108, 102, 108, '拥有'),
  (109, 103, 109, '拥有'),
  (110, 104, 110, '拥有'),
  (111, 105, 111, '拥有'),
  (112, 106, 112, '拥有'),
  (113, 107, 113, '拥有'),
  (114, 108, 114, '拥有'),
  (115, 109, 115, '拥有'),
  (116, 110, 116, '拥有'),
  (117, 109, 117, '拥有'),
  (118, 111, 118, '拥有'),
  (119, 14, 119, '拥有'),
  (120, 112, 120, '拥有'),
  (121, 14, 121, '拥有'),
  (122, 113, 122, '合作'),
  (123, 14, 123, '拥有'),
  (124, 14, 124, '拥有'),
  (125, 14, 125, '拥有'),
  (126, 114, 126, '合作'),
  (127, 115, 127, '合作'),
  (128, 114, 128, '合作'),
  (129, 14, 129, '拥有'),
  (130, 116, 130, '拥有'),
  (131, 117, 131, '拥有'),
  (132, 118, 132, '拥有'),
  (133, 119, 133, '拥有'),
  (134, 120, 134, '拥有'),
  (135, 14, 135, '拥有'),
  (136, 120, 136, '拥有'),
  (137, 14, 137, '拥有'),
  (138, 121, 138, '拥有'),
  (139, 121, 139, '拥有'),
  (140, 14, 140, '拥有'),
  (141, 122, 141, '拥有'),
  (142, 14, 142, '拥有'),
  (143, 123, 143, '拥有'),
  (144, 14, 144, '拥有'),
  (145, 124, 145, '拥有'),
  (146, 95, 146, '拥有'),
  (147, 14, 147, '拥有'),
  (148, 125, 148, '拥有'),
  (149, 14, 149, '拥有'),
  (150, 126, 150, '拥有'),
  (151, 127, 151, '拥有'),
  (152, 128, 152, '拥有'),
  (153, 115, 153, '合作'),
  (154, 129, 154, '拥有'),
  (155, 130, 155, '拥有'),
  (156, 131, 156, '拥有'),
  (157, 132, 157, '拥有'),
  (158, 133, 158, '拥有'),
  (159, 134, 159, '拥有'),
  (160, 135, 160, '拥有'),
  (161, 136, 161, '拥有'),
  (162, 137, 162, '拥有'),
  (163, 138, 163, '拥有'),
  (164, 139, 164, '拥有'),
  (165, 140, 165, '拥有'),
  (166, 141, 166, '拥有'),
  (167, 142, 167, '拥有'),
  (168, 143, 168, '拥有'),
  (169, 144, 169, '拥有'),
  (170, 145, 170, '拥有'),
  (171, 114, 171, '合作'),
  (172, 146, 172, '合作'),
  (173, 14, 173, '拥有'),
  (174, 147, 174, '拥有'),
  (175, 14, 175, '拥有'),
  (176, 148, 176, '拥有'),
  (177, 14, 177, '拥有'),
  (178, 149, 178, '拥有'),
  (179, 150, 179, '拥有'),
  (180, 151, 180, '拥有'),
  (181, 152, 181, '拥有'),
  (182, 153, 182, '拥有'),
  (183, 154, 183, '拥有'),
  (184, 155, 184, '拥有'),
  (185, 14, 185, '拥有'),
  (186, 14, 186, '拥有'),
  (187, 156, 187, '拥有'),
  (188, 157, 188, '合作'),
  (189, 114, 189, '合作'),
  (190, 115, 190, '合作'),
  (191, 14, 191, '拥有'),
  (192, 158, 192, '拥有'),
  (193, 159, 193, '拥有'),
  (194, 160, 194, '拥有'),
  (195, 161, 195, '拥有'),
  (196, 162, 196, '拥有'),
  (197, 163, 197, '拥有'),
  (198, 164, 198, '拥有'),
  (199, 165, 199, '拥有'),
  (200, 166, 200, '拥有'),
  (201, 167, 201, '拥有'),
  (202, 168, 202, '拥有'),
  (203, 169, 203, '拥有'),
  (204, 115, 204, '合作'),
  (205, 115, 205, '合作'),
  (206, 170, 206, '拥有'),
  (207, 171, 207, '拥有'),
  (208, 172, 208, '拥有'),
  (209, 173, 209, '拥有'),
  (210, 174, 210, '拥有'),
  (211, 175, 211, '拥有'),
  (212, 176, 212, '拥有'),
  (213, 177, 213, '拥有'),
  (214, 14, 214, '拥有'),
  (215, 115, 215, '合作'),
  (216, 178, 216, '拥有'),
  (217, 179, 217, '拥有'),
  (218, 180, 218, '拥有'),
  (219, 181, 219, '拥有'),
  (220, 182, 220, '拥有'),
  (221, 65, 221, '拥有'),
  (222, 183, 222, '拥有'),
  (223, 120, 223, '拥有'),
  (224, 155, 224, '拥有'),
  (225, 184, 225, '拥有'),
  (226, 185, 226, '拥有'),
  (227, 186, 227, '拥有'),
  (228, 187, 228, '拥有'),
  (229, 188, 229, '拥有'),
  (230, 14, 230, '拥有'),
  (231, 14, 231, '拥有'),
  (232, 14, 232, '拥有'),
  (233, 14, 233, '拥有'),
  (234, 14, 234, '拥有'),
  (235, 189, 235, '拥有'),
  (236, 190, 236, '拥有'),
  (237, 191, 237, '拥有'),
  (238, 192, 238, '拥有'),
  (239, 193, 239, '拥有'),
  (240, 14, 240, '拥有'),
  (241, 14, 241, '拥有'),
  (242, 194, 242, '拥有'),
  (243, 195, 243, '拥有'),
  (244, 196, 244, '拥有'),
  (245, 197, 245, '拥有'),
  (246, 156, 246, '拥有'),
  (247, 198, 247, '拥有'),
  (248, 199, 248, '拥有'),
  (249, 200, 249, '拥有'),
  (250, 201, 250, '拥有'),
  (251, 202, 251, '拥有'),
  (252, 203, 252, '拥有'),
  (253, 115, 253, '合作'),
  (254, 204, 254, '合作'),
  (255, 205, 255, '合作'),
  (256, 14, 256, '拥有'),
  (257, 14, 257, '拥有'),
  (258, 14, 258, '拥有'),
  (259, 146, 259, '合作'),
  (260, 115, 260, '合作'),
  (261, 14, 261, '拥有'),
  (262, 114, 262, '合作'),
  (263, 14, 263, '拥有'),
  (264, 126, 264, '拥有'),
  (265, 115, 265, '合作'),
  (266, 157, 266, '合作'),
  (267, 115, 267, '合作'),
  (268, 114, 268, '合作'),
  (269, 206, 269, '拥有'),
  (270, 207, 270, '拥有'),
  (271, 113, 271, '合作'),
  (272, 205, 272, '合作'),
  (273, 208, 273, '拥有'),
  (274, 115, 274, '合作'),
  (275, 209, 275, '拥有'),
  (276, 113, 276, '合作'),
  (277, 210, 277, '合作'),
  (278, 157, 278, '合作'),
  (279, 14, 279, '拥有'),
  (280, 157, 280, '合作'),
  (281, 211, 281, '拥有'),
  (282, 212, 282, '拥有'),
  (283, 213, 283, '拥有'),
  (284, 214, 284, '拥有'),
  (285, 215, 285, '拥有'),
  (286, 216, 286, '拥有'),
  (287, 194, 287, '拥有'),
  (288, 115, 288, '合作'),
  (289, 217, 289, '拥有'),
  (290, 218, 290, '拥有'),
  (291, 219, 291, '拥有'),
  (292, 220, 292, '拥有'),
  (293, 14, 293, '拥有'),
  (294, 221, 294, '拥有'),
  (295, 14, 295, '拥有'),
  (296, 222, 296, '拥有'),
  (297, 180, 297, '拥有'),
  (298, 223, 298, '拥有'),
  (299, 224, 299, '拥有'),
  (300, 225, 300, '拥有'),
  (301, 226, 301, '拥有'),
  (302, 227, 302, '拥有'),
  (303, 14, 303, '拥有'),
  (304, 14, 304, '拥有'),
  (305, 14, 305, '拥有'),
  (306, 210, 306, '合作'),
  (307, 14, 307, '拥有'),
  (308, 14, 308, '拥有'),
  (309, 228, 309, '合作'),
  (310, 114, 310, '合作'),
  (311, 14, 311, '拥有'),
  (312, 229, 312, '合作'),
  (313, 114, 313, '合作'),
  (314, 114, 314, '合作'),
  (315, 14, 315, '拥有'),
  (316, 230, 316, '拥有'),
  (317, 114, 317, '合作'),
  (318, 14, 318, '拥有'),
  (319, 14, 319, '拥有'),
  (320, 14, 320, '拥有'),
  (321, 14, 321, '拥有'),
  (322, 14, 322, '拥有'),
  (323, 231, 323, '拥有'),
  (324, 232, 324, '拥有'),
  (325, 233, 325, '拥有'),
  (326, 234, 326, '拥有'),
  (327, 235, 327, '拥有'),
  (328, 236, 328, '拥有'),
  (329, 237, 329, '拥有'),
  (330, 14, 330, '拥有'),
  (331, 14, 331, '拥有'),
  (332, 238, 332, '拥有'),
  (333, 117, 333, '拥有'),
  (334, 14, 334, '拥有'),
  (335, 239, 335, '拥有'),
  (336, 14, 336, '拥有'),
  (337, 14, 337, '拥有'),
  (338, 240, 338, '拥有'),
  (339, 241, 339, '拥有'),
  (340, 98, 340, '拥有'),
  (341, 242, 341, '拥有'),
  (342, 243, 342, '拥有'),
  (343, 114, 343, '合作'),
  (344, 210, 344, '合作'),
  (345, 244, 345, '拥有'),
  (346, 157, 346, '合作'),
  (347, 245, 347, '拥有'),
  (348, 246, 348, '拥有'),
  (349, 247, 349, '拥有'),
  (350, 248, 350, '拥有'),
  (351, 249, 351, '拥有'),
  (352, 250, 352, '拥有'),
  (353, 251, 353, '拥有'),
  (354, 252, 354, '拥有'),
  (355, 120, 355, '管理'),
  (356, 120, 356, '管理'),
  (357, 253, 357, '管理'),
  (358, 253, 358, '管理'),
  (359, 253, 359, '管理'),
  (360, 253, 360, '管理');

-- ==================== LocationWeather ====================
-- 共 16 条记录

INSERT INTO `LocationWeather` (`location_id`, `location_name`, `longitude`, `latitude`, `poi_id`, `temperature`, `conditions`, `update_time`)
VALUES
  (1, '黄浦区', 121.48442, 31.231661, NULL, 15.8, '晴', '2025/12/24 10:00'),
  (2, '长宁区', 121.424751, 31.220537, NULL, 15.2, '多云', '2025/12/24 10:00'),
  (3, '普陀区', 121.39547, 31.249618, NULL, 14.9, '多云', '2025/12/24 10:00'),
  (4, '静安区', 121.447348, 31.227718, NULL, 15.6, '晴', '2025/12/24 10:00'),
  (5, '虹口区', 121.504994, 31.264917, NULL, 15.3, '晴', '2025/12/24 10:00'),
  (6, '杨浦区', 121.525409, 31.259588, NULL, 15.1, '晴', '2025/12/24 10:00'),
  (7, '闵行区', 121.380857, 31.112834, NULL, 14.8, '多云', '2025/12/24 10:00'),
  (8, '宝山区', 121.489431, 31.405242, NULL, 14.5, '多云', '2025/12/24 10:00'),
  (9, '嘉定区', 121.265276, 31.375566, NULL, 14.7, '多云', '2025/12/24 10:00'),
  (10, '浦东新区', 121.544346, 31.221461, NULL, 15.5, '晴', '2025/12/24 10:00'),
  (11, '金山区', 121.341774, 30.742769, NULL, 14.3, '多云', '2025/12/24 10:00'),
  (12, '松江区', 121.227676, 31.03257, NULL, 14.6, '多云', '2025/12/24 10:00'),
  (13, '青浦区', 121.124249, 31.15098, NULL, 14.4, '多云', '2025/12/24 10:00'),
  (14, '奉贤区', 121.473945, 30.918406, NULL, 14.2, '多云', '2025/12/24 10:00'),
  (15, '崇明区', 121.397662, 31.623863, NULL, 13.8, '多云', '2025/12/24 10:00'),
  (16, '徐汇区', 121.436307, 31.188334, NULL, 15.0, '多云', '2025/12/24 10:00');

-- ==================== WeatherForecast ====================
-- 共 112 条记录

INSERT INTO `WeatherForecast` (`forecast_id`, `location_id`, `forecast_date`, `temp_max`, `temp_min`, `condition_day`)
VALUES
  (1, 1, '2025-12-25', 19.1, 12.4, '多云'),
  (2, 1, '2025-12-26', 17.7, 11.9, '小雨'),
  (3, 1, '2025-12-27', 22.0, 15.1, '雷阵雨'),
  (4, 1, '2025-12-28', 21.2, 15.3, '晴'),
  (5, 1, '2025-12-29', 18.4, 12.0, '晴'),
  (6, 1, '2025-12-30', 18.7, 11.1, '小雨'),
  (7, 1, '2025-12-31', 23.0, 16.0, '雷阵雨'),
  (8, 2, '2025-12-25', 16.9, 9.1, '小雨'),
  (9, 2, '2025-12-26', 17.3, 10.9, '小雨'),
  (10, 2, '2025-12-27', 19.5, 12.3, '多云'),
  (11, 2, '2025-12-28', 17.7, 12.1, '小雨'),
  (12, 2, '2025-12-29', 19.6, 12.8, '小雨'),
  (13, 2, '2025-12-30', 22.5, 14.8, '阴'),
  (14, 2, '2025-12-31', 16.5, 9.2, '阴'),
  (15, 3, '2025-12-25', 18.8, 12.4, '多云'),
  (16, 3, '2025-12-26', 20.4, 11.8, '小雨'),
  (17, 3, '2025-12-27', 19.4, 10.7, '晴'),
  (18, 3, '2025-12-28', 21.4, 13.7, '晴'),
  (19, 3, '2025-12-29', 17.6, 11.1, '晴'),
  (20, 3, '2025-12-30', 19.8, 11.5, '晴'),
  (21, 3, '2025-12-31', 23.5, 14.3, '小雨'),
  (22, 4, '2025-12-25', 22.7, 15.3, '阴'),
  (23, 4, '2025-12-26', 21.2, 15.0, '小雨'),
  (24, 4, '2025-12-27', 21.5, 12.4, '小雨'),
  (25, 4, '2025-12-28', 16.8, 11.1, '晴'),
  (26, 4, '2025-12-29', 18.3, 11.1, '雷阵雨'),
  (27, 4, '2025-12-30', 20.1, 12.3, '雷阵雨'),
  (28, 4, '2025-12-31', 17.8, 11.2, '雷阵雨'),
  (29, 5, '2025-12-25', 17.4, 10.6, '阴'),
  (30, 5, '2025-12-26', 22.5, 12.9, '多云'),
  (31, 5, '2025-12-27', 19.8, 13.6, '雷阵雨'),
  (32, 5, '2025-12-28', 18.3, 12.5, '多云'),
  (33, 5, '2025-12-29', 16.5, 9.2, '晴'),
  (34, 5, '2025-12-30', 17.2, 9.7, '多云'),
  (35, 5, '2025-12-31', 21.4, 13.3, '晴'),
  (36, 6, '2025-12-25', 19.3, 12.3, '多云'),
  (37, 6, '2025-12-26', 19.7, 11.9, '雷阵雨'),
  (38, 6, '2025-12-27', 22.7, 13.0, '多云'),
  (39, 6, '2025-12-28', 23.7, 15.8, '雷阵雨'),
  (40, 6, '2025-12-29', 18.3, 12.1, '小雨'),
  (41, 6, '2025-12-30', 17.1, 11.3, '雷阵雨'),
  (42, 6, '2025-12-31', 17.4, 10.2, '多云'),
  (43, 7, '2025-12-25', 19.9, 12.8, '晴'),
  (44, 7, '2025-12-26', 20.0, 11.5, '雷阵雨'),
  (45, 7, '2025-12-27', 17.6, 11.7, '雷阵雨'),
  (46, 7, '2025-12-28', 22.4, 14.4, '多云'),
  (47, 7, '2025-12-29', 21.3, 13.5, '多云'),
  (48, 7, '2025-12-30', 21.5, 13.6, '阴'),
  (49, 7, '2025-12-31', 19.2, 10.9, '多云'),
  (50, 8, '2025-12-25', 18.4, 12.0, '多云'),
  (51, 8, '2025-12-26', 18.3, 9.4, '晴'),
  (52, 8, '2025-12-27', 20.0, 13.6, '雷阵雨'),
  (53, 8, '2025-12-28', 21.5, 12.8, '晴'),
  (54, 8, '2025-12-29', 21.0, 13.5, '小雨'),
  (55, 8, '2025-12-30', 20.2, 11.9, '阴'),
  (56, 8, '2025-12-31', 21.3, 14.5, '小雨'),
  (57, 9, '2025-12-25', 16.8, 9.3, '小雨'),
  (58, 9, '2025-12-26', 19.7, 10.9, '阴'),
  (59, 9, '2025-12-27', 15.5, 8.9, '多云'),
  (60, 9, '2025-12-28', 19.0, 10.3, '晴'),
  (61, 9, '2025-12-29', 17.2, 10.8, '多云'),
  (62, 9, '2025-12-30', 18.3, 12.3, '小雨'),
  (63, 9, '2025-12-31', 16.8, 9.7, '阴'),
  (64, 10, '2025-12-25', 18.7, 9.9, '多云'),
  (65, 10, '2025-12-26', 21.3, 13.9, '阴'),
  (66, 10, '2025-12-27', 19.1, 9.6, '小雨'),
  (67, 10, '2025-12-28', 21.7, 13.9, '晴'),
  (68, 10, '2025-12-29', 18.6, 10.1, '阴'),
  (69, 10, '2025-12-30', 23.0, 14.2, '多云'),
  (70, 10, '2025-12-31', 19.6, 13.9, '多云'),
  (71, 11, '2025-12-25', 19.8, 11.5, '阴'),
  (72, 11, '2025-12-26', 15.4, 8.8, '阴'),
  (73, 11, '2025-12-27', 19.5, 12.9, '晴'),
  (74, 11, '2025-12-28', 15.9, 10.0, '晴'),
  (75, 11, '2025-12-29', 15.6, 8.6, '小雨'),
  (76, 11, '2025-12-30', 22.4, 15.1, '小雨'),
  (77, 11, '2025-12-31', 17.3, 10.4, '雷阵雨'),
  (78, 12, '2025-12-25', 16.0, 8.5, '晴'),
  (79, 12, '2025-12-26', 18.6, 10.2, '阴'),
  (80, 12, '2025-12-27', 16.8, 8.3, '阴'),
  (81, 12, '2025-12-28', 20.0, 14.0, '多云'),
  (82, 12, '2025-12-29', 21.0, 12.1, '阴'),
  (83, 12, '2025-12-30', 20.2, 13.6, '雷阵雨'),
  (84, 12, '2025-12-31', 22.6, 14.9, '小雨'),
  (85, 13, '2025-12-25', 20.6, 12.3, '雷阵雨'),
  (86, 13, '2025-12-26', 20.3, 14.5, '阴'),
  (87, 13, '2025-12-27', 18.7, 10.2, '晴'),
  (88, 13, '2025-12-28', 19.2, 11.0, '小雨'),
  (89, 13, '2025-12-29', 15.7, 8.9, '晴'),
  (90, 13, '2025-12-30', 17.6, 10.7, '阴'),
  (91, 13, '2025-12-31', 17.1, 9.1, '阴'),
  (92, 14, '2025-12-25', 17.4, 10.5, '小雨'),
  (93, 14, '2025-12-26', 19.8, 13.1, '晴'),
  (94, 14, '2025-12-27', 15.5, 8.0, '小雨'),
  (95, 14, '2025-12-28', 18.0, 10.2, '多云'),
  (96, 14, '2025-12-29', 21.6, 12.2, '小雨'),
  (97, 14, '2025-12-30', 16.3, 10.2, '阴'),
  (98, 14, '2025-12-31', 20.0, 12.0, '雷阵雨'),
  (99, 15, '2025-12-25', 16.5, 8.4, '多云'),
  (100, 15, '2025-12-26', 18.4, 11.7, '多云'),
  (101, 15, '2025-12-27', 17.0, 9.1, '阴'),
  (102, 15, '2025-12-28', 18.0, 10.6, '雷阵雨'),
  (103, 15, '2025-12-29', 21.8, 12.9, '晴'),
  (104, 15, '2025-12-30', 18.2, 9.4, '晴'),
  (105, 15, '2025-12-31', 19.0, 12.8, '阴'),
  (106, 16, '2025-12-25', 18.9, 11.1, '晴'),
  (107, 16, '2025-12-26', 19.2, 10.6, '小雨'),
  (108, 16, '2025-12-27', 20.3, 14.4, '多云'),
  (109, 16, '2025-12-28', 16.7, 9.3, '阴'),
  (110, 16, '2025-12-29', 18.5, 12.4, '晴'),
  (111, 16, '2025-12-30', 20.4, 14.7, '阴'),
  (112, 16, '2025-12-31', 17.4, 10.3, '小雨');

-- ==================== DynamicData ====================
-- 共 600 条记录

INSERT INTO `DynamicData` (`record_id`, `poi_id`, `record_time`, `passenger_flow`, `occupancy_rate`)
VALUES
  (1, 1, '2025-12-24 08:00:00', 1140, 0.14),
  (2, 1, '2025-12-24 09:00:00', 2152, 0.27),
  (3, 1, '2025-12-24 10:00:00', 1886, 0.24),
  (4, 1, '2025-12-24 11:00:00', 2662, 0.33),
  (5, 1, '2025-12-24 12:00:00', 3689, 0.46),
  (6, 1, '2025-12-24 13:00:00', 2654, 0.33),
  (7, 1, '2025-12-24 14:00:00', 4608, 0.58),
  (8, 1, '2025-12-24 15:00:00', 2595, 0.32),
  (9, 1, '2025-12-24 16:00:00', 4646, 0.58),
  (10, 1, '2025-12-24 17:00:00', 1698, 0.21),
  (11, 1, '2025-12-24 18:00:00', 1911, 0.24),
  (12, 1, '2025-12-24 19:00:00', 1743, 0.22),
  (13, 2, '2025-12-24 08:00:00', 2389, 0.16),
  (14, 2, '2025-12-24 09:00:00', 2214, 0.15),
  (15, 2, '2025-12-24 10:00:00', 3449, 0.23),
  (16, 2, '2025-12-24 11:00:00', 5638, 0.38),
  (17, 2, '2025-12-24 12:00:00', 6920, 0.46),
  (18, 2, '2025-12-24 13:00:00', 4641, 0.31),
  (19, 2, '2025-12-24 14:00:00', 5259, 0.35),
  (20, 2, '2025-12-24 15:00:00', 9445, 0.63),
  (21, 2, '2025-12-24 16:00:00', 3988, 0.27),
  (22, 2, '2025-12-24 17:00:00', 7065, 0.47),
  (23, 2, '2025-12-24 18:00:00', 3507, 0.23),
  (24, 2, '2025-12-24 19:00:00', 5217, 0.35),
  (25, 3, '2025-12-24 08:00:00', 3485, 0.35),
  (26, 3, '2025-12-24 09:00:00', 4233, 0.42),
  (27, 3, '2025-12-24 10:00:00', 5230, 0.52),
  (28, 3, '2025-12-24 11:00:00', 2444, 0.24),
  (29, 3, '2025-12-24 12:00:00', 6171, 0.62),
  (30, 3, '2025-12-24 13:00:00', 6203, 0.62),
  (31, 3, '2025-12-24 14:00:00', 2362, 0.24),
  (32, 3, '2025-12-24 15:00:00', 3258, 0.33),
  (33, 3, '2025-12-24 16:00:00', 5961, 0.6),
  (34, 3, '2025-12-24 17:00:00', 3910, 0.39),
  (35, 3, '2025-12-24 18:00:00', 3850, 0.39),
  (36, 3, '2025-12-24 19:00:00', 3584, 0.36),
  (37, 4, '2025-12-24 08:00:00', 2021, 0.25),
  (38, 4, '2025-12-24 09:00:00', 3370, 0.42),
  (39, 4, '2025-12-24 10:00:00', 3309, 0.41),
  (40, 4, '2025-12-24 11:00:00', 1298, 0.16),
  (41, 4, '2025-12-24 12:00:00', 4086, 0.51),
  (42, 4, '2025-12-24 13:00:00', 4057, 0.51),
  (43, 4, '2025-12-24 14:00:00', 3512, 0.44),
  (44, 4, '2025-12-24 15:00:00', 2231, 0.28),
  (45, 4, '2025-12-24 16:00:00', 5210, 0.65),
  (46, 4, '2025-12-24 17:00:00', 1836, 0.23),
  (47, 4, '2025-12-24 18:00:00', 3220, 0.4),
  (48, 4, '2025-12-24 19:00:00', 1713, 0.21),
  (49, 5, '2025-12-24 08:00:00', 3313, 0.14),
  (50, 5, '2025-12-24 09:00:00', 4958, 0.21),
  (51, 5, '2025-12-24 10:00:00', 7036, 0.3),
  (52, 5, '2025-12-24 11:00:00', 9100, 0.38),
  (53, 5, '2025-12-24 12:00:00', 8900, 0.37),
  (54, 5, '2025-12-24 13:00:00', 17066, 0.72),
  (55, 5, '2025-12-24 14:00:00', 14289, 0.6),
  (56, 5, '2025-12-24 15:00:00', 7115, 0.3),
  (57, 5, '2025-12-24 16:00:00', 11519, 0.49),
  (58, 5, '2025-12-24 17:00:00', 12423, 0.52),
  (59, 5, '2025-12-24 18:00:00', 4422, 0.19),
  (60, 5, '2025-12-24 19:00:00', 7799, 0.33),
  (61, 6, '2025-12-24 08:00:00', 17306, 0.39),
  (62, 6, '2025-12-24 09:00:00', 16440, 0.37),
  (63, 6, '2025-12-24 10:00:00', 18312, 0.42),
  (64, 6, '2025-12-24 11:00:00', 24862, 0.57),
  (65, 6, '2025-12-24 12:00:00', 11770, 0.27),
  (66, 6, '2025-12-24 13:00:00', 14891, 0.34),
  (67, 6, '2025-12-24 14:00:00', 26241, 0.6),
  (68, 6, '2025-12-24 15:00:00', 12647, 0.29),
  (69, 6, '2025-12-24 16:00:00', 21006, 0.48),
  (70, 6, '2025-12-24 17:00:00', 13142, 0.3),
  (71, 6, '2025-12-24 18:00:00', 17930, 0.41),
  (72, 6, '2025-12-24 19:00:00', 8612, 0.2),
  (73, 7, '2025-12-24 08:00:00', 11972, 0.24),
  (74, 7, '2025-12-24 09:00:00', 22361, 0.45),
  (75, 7, '2025-12-24 10:00:00', 8693, 0.17),
  (76, 7, '2025-12-24 11:00:00', 14682, 0.29),
  (77, 7, '2025-12-24 12:00:00', 26877, 0.54),
  (78, 7, '2025-12-24 13:00:00', 30661, 0.61),
  (79, 7, '2025-12-24 14:00:00', 20085, 0.4),
  (80, 7, '2025-12-24 15:00:00', 14337, 0.29),
  (81, 7, '2025-12-24 16:00:00', 10471, 0.21),
  (82, 7, '2025-12-24 17:00:00', 15227, 0.3),
  (83, 7, '2025-12-24 18:00:00', 21717, 0.43),
  (84, 7, '2025-12-24 19:00:00', 11923, 0.24),
  (85, 8, '2025-12-24 08:00:00', 5491, 0.38),
  (86, 8, '2025-12-24 09:00:00', 5649, 0.39),
  (87, 8, '2025-12-24 10:00:00', 4088, 0.28),
  (88, 8, '2025-12-24 11:00:00', 5561, 0.39),
  (89, 8, '2025-12-24 12:00:00', 4681, 0.33),
  (90, 8, '2025-12-24 13:00:00', 3427, 0.24),
  (91, 8, '2025-12-24 14:00:00', 6546, 0.46),
  (92, 8, '2025-12-24 15:00:00', 4108, 0.29),
  (93, 8, '2025-12-24 16:00:00', 4854, 0.34),
  (94, 8, '2025-12-24 17:00:00', 3630, 0.25),
  (95, 8, '2025-12-24 18:00:00', 5268, 0.37),
  (96, 8, '2025-12-24 19:00:00', 3756, 0.26),
  (97, 9, '2025-12-24 08:00:00', 19889, 0.19),
  (98, 9, '2025-12-24 09:00:00', 23051, 0.22),
  (99, 9, '2025-12-24 10:00:00', 40635, 0.39),
  (100, 9, '2025-12-24 11:00:00', 54122, 0.51),
  (101, 9, '2025-12-24 12:00:00', 64384, 0.61),
  (102, 9, '2025-12-24 13:00:00', 26792, 0.25),
  (103, 9, '2025-12-24 14:00:00', 37147, 0.35),
  (104, 9, '2025-12-24 15:00:00', 61589, 0.59),
  (105, 9, '2025-12-24 16:00:00', 69904, 0.66),
  (106, 9, '2025-12-24 17:00:00', 23824, 0.23),
  (107, 9, '2025-12-24 18:00:00', 55463, 0.53),
  (108, 9, '2025-12-24 19:00:00', 38100, 0.36),
  (109, 10, '2025-12-24 08:00:00', 36175, 0.35),
  (110, 10, '2025-12-24 09:00:00', 38358, 0.37),
  (111, 10, '2025-12-24 10:00:00', 24879, 0.24),
  (112, 10, '2025-12-24 11:00:00', 31037, 0.3),
  (113, 10, '2025-12-24 12:00:00', 51730, 0.51),
  (114, 10, '2025-12-24 13:00:00', 34848, 0.34),
  (115, 10, '2025-12-24 14:00:00', 57772, 0.56),
  (116, 10, '2025-12-24 15:00:00', 33994, 0.33),
  (117, 10, '2025-12-24 16:00:00', 49870, 0.49),
  (118, 10, '2025-12-24 17:00:00', 19079, 0.19),
  (119, 10, '2025-12-24 18:00:00', 26023, 0.25),
  (120, 10, '2025-12-24 19:00:00', 24138, 0.24),
  (121, 11, '2025-12-24 08:00:00', 23523, 0.26),
  (122, 11, '2025-12-24 09:00:00', 30771, 0.34),
  (123, 11, '2025-12-24 10:00:00', 26343, 0.29),
  (124, 11, '2025-12-24 11:00:00', 51108, 0.57),
  (125, 11, '2025-12-24 12:00:00', 35194, 0.39),
  (126, 11, '2025-12-24 13:00:00', 19232, 0.21),
  (127, 11, '2025-12-24 14:00:00', 62589, 0.7),
  (128, 11, '2025-12-24 15:00:00', 31720, 0.35),
  (129, 11, '2025-12-24 16:00:00', 57594, 0.64),
  (130, 11, '2025-12-24 17:00:00', 44922, 0.5),
  (131, 11, '2025-12-24 18:00:00', 44862, 0.5),
  (132, 11, '2025-12-24 19:00:00', 36762, 0.41),
  (133, 12, '2025-12-24 08:00:00', 454, 0.28),
  (134, 12, '2025-12-24 09:00:00', 189, 0.12),
  (135, 12, '2025-12-24 10:00:00', 772, 0.48),
  (136, 12, '2025-12-24 11:00:00', 359, 0.22),
  (137, 12, '2025-12-24 12:00:00', 755, 0.47),
  (138, 12, '2025-12-24 13:00:00', 953, 0.6),
  (139, 12, '2025-12-24 14:00:00', 611, 0.38),
  (140, 12, '2025-12-24 15:00:00', 391, 0.24),
  (141, 12, '2025-12-24 16:00:00', 723, 0.45),
  (142, 12, '2025-12-24 17:00:00', 934, 0.58),
  (143, 12, '2025-12-24 18:00:00', 323, 0.2),
  (144, 12, '2025-12-24 19:00:00', 223, 0.14),
  (145, 13, '2025-12-24 08:00:00', 8598, 0.14),
  (146, 13, '2025-12-24 09:00:00', 15398, 0.24),
  (147, 13, '2025-12-24 10:00:00', 30844, 0.49),
  (148, 13, '2025-12-24 11:00:00', 21580, 0.34),
  (149, 13, '2025-12-24 12:00:00', 32849, 0.52),
  (150, 13, '2025-12-24 13:00:00', 36711, 0.58),
  (151, 13, '2025-12-24 14:00:00', 39352, 0.62),
  (152, 13, '2025-12-24 15:00:00', 19241, 0.31),
  (153, 13, '2025-12-24 16:00:00', 30130, 0.48),
  (154, 13, '2025-12-24 17:00:00', 20620, 0.33),
  (155, 13, '2025-12-24 18:00:00', 28311, 0.45),
  (156, 13, '2025-12-24 19:00:00', 25828, 0.41),
  (157, 14, '2025-12-24 08:00:00', 8196, 0.13),
  (158, 14, '2025-12-24 09:00:00', 27567, 0.42),
  (159, 14, '2025-12-24 10:00:00', 14602, 0.22),
  (160, 14, '2025-12-24 11:00:00', 27226, 0.42),
  (161, 14, '2025-12-24 12:00:00', 13095, 0.2),
  (162, 14, '2025-12-24 13:00:00', 31418, 0.48),
  (163, 14, '2025-12-24 14:00:00', 24994, 0.38),
  (164, 14, '2025-12-24 15:00:00', 45358, 0.7),
  (165, 14, '2025-12-24 16:00:00', 23372, 0.36),
  (166, 14, '2025-12-24 17:00:00', 10817, 0.17),
  (167, 14, '2025-12-24 18:00:00', 22397, 0.34),
  (168, 14, '2025-12-24 19:00:00', 16935, 0.26),
  (169, 15, '2025-12-24 08:00:00', 6862, 0.18),
  (170, 15, '2025-12-24 09:00:00', 12466, 0.33),
  (171, 15, '2025-12-24 10:00:00', 6254, 0.17),
  (172, 15, '2025-12-24 11:00:00', 12900, 0.34),
  (173, 15, '2025-12-24 12:00:00', 15759, 0.42),
  (174, 15, '2025-12-24 13:00:00', 25278, 0.67),
  (175, 15, '2025-12-24 14:00:00', 28598, 0.76),
  (176, 15, '2025-12-24 15:00:00', 10496, 0.28),
  (177, 15, '2025-12-24 16:00:00', 7254, 0.19),
  (178, 15, '2025-12-24 17:00:00', 17447, 0.47),
  (179, 15, '2025-12-24 18:00:00', 7253, 0.19),
  (180, 15, '2025-12-24 19:00:00', 14495, 0.39),
  (181, 16, '2025-12-24 08:00:00', 6669, 0.16),
  (182, 16, '2025-12-24 09:00:00', 19585, 0.47),
  (183, 16, '2025-12-24 10:00:00', 7403, 0.18),
  (184, 16, '2025-12-24 11:00:00', 19704, 0.47),
  (185, 16, '2025-12-24 12:00:00', 8759, 0.21),
  (186, 16, '2025-12-24 13:00:00', 22409, 0.53),
  (187, 16, '2025-12-24 14:00:00', 13237, 0.32),
  (188, 16, '2025-12-24 15:00:00', 29032, 0.69),
  (189, 16, '2025-12-24 16:00:00', 25120, 0.6),
  (190, 16, '2025-12-24 17:00:00', 12240, 0.29),
  (191, 16, '2025-12-24 18:00:00', 20573, 0.49),
  (192, 16, '2025-12-24 19:00:00', 17307, 0.41),
  (193, 17, '2025-12-24 08:00:00', 3185, 0.27),
  (194, 17, '2025-12-24 09:00:00', 3103, 0.27),
  (195, 17, '2025-12-24 10:00:00', 3442, 0.29),
  (196, 17, '2025-12-24 11:00:00', 6476, 0.55),
  (197, 17, '2025-12-24 12:00:00', 2309, 0.2),
  (198, 17, '2025-12-24 13:00:00', 4682, 0.4),
  (199, 17, '2025-12-24 14:00:00', 7186, 0.61),
  (200, 17, '2025-12-24 15:00:00', 7540, 0.64),
  (201, 17, '2025-12-24 16:00:00', 7726, 0.66),
  (202, 17, '2025-12-24 17:00:00', 4295, 0.37),
  (203, 17, '2025-12-24 18:00:00', 1585, 0.14),
  (204, 17, '2025-12-24 19:00:00', 4360, 0.37),
  (205, 18, '2025-12-24 08:00:00', 60931, 0.3),
  (206, 18, '2025-12-24 09:00:00', 23877, 0.12),
  (207, 18, '2025-12-24 10:00:00', 89805, 0.45),
  (208, 18, '2025-12-24 11:00:00', 106287, 0.53),
  (209, 18, '2025-12-24 12:00:00', 52081, 0.26),
  (210, 18, '2025-12-24 13:00:00', 84307, 0.42),
  (211, 18, '2025-12-24 14:00:00', 147564, 0.73),
  (212, 18, '2025-12-24 15:00:00', 44796, 0.22),
  (213, 18, '2025-12-24 16:00:00', 84591, 0.42),
  (214, 18, '2025-12-24 17:00:00', 34348, 0.17),
  (215, 18, '2025-12-24 18:00:00', 55464, 0.28),
  (216, 18, '2025-12-24 19:00:00', 33861, 0.17),
  (217, 19, '2025-12-24 08:00:00', 2444, 0.32),
  (218, 19, '2025-12-24 09:00:00', 1564, 0.21),
  (219, 19, '2025-12-24 10:00:00', 4018, 0.53),
  (220, 19, '2025-12-24 11:00:00', 4038, 0.53),
  (221, 19, '2025-12-24 12:00:00', 1759, 0.23),
  (222, 19, '2025-12-24 13:00:00', 3393, 0.45),
  (223, 19, '2025-12-24 14:00:00', 3390, 0.45),
  (224, 19, '2025-12-24 15:00:00', 5116, 0.67),
  (225, 19, '2025-12-24 16:00:00', 4051, 0.53),
  (226, 19, '2025-12-24 17:00:00', 4355, 0.57),
  (227, 19, '2025-12-24 18:00:00', 3664, 0.48),
  (228, 19, '2025-12-24 19:00:00', 3402, 0.45),
  (229, 20, '2025-12-24 08:00:00', 2183, 0.34),
  (230, 20, '2025-12-24 09:00:00', 1664, 0.26),
  (231, 20, '2025-12-24 10:00:00', 1514, 0.23),
  (232, 20, '2025-12-24 11:00:00', 2438, 0.38),
  (233, 20, '2025-12-24 12:00:00', 2972, 0.46),
  (234, 20, '2025-12-24 13:00:00', 1673, 0.26),
  (235, 20, '2025-12-24 14:00:00', 1467, 0.23),
  (236, 20, '2025-12-24 15:00:00', 3902, 0.6),
  (237, 20, '2025-12-24 16:00:00', 1721, 0.26),
  (238, 20, '2025-12-24 17:00:00', 3842, 0.59),
  (239, 20, '2025-12-24 18:00:00', 3167, 0.49),
  (240, 20, '2025-12-24 19:00:00', 1158, 0.18),
  (241, 21, '2025-12-24 08:00:00', 16640, 0.37),
  (242, 21, '2025-12-24 09:00:00', 19904, 0.44),
  (243, 21, '2025-12-24 10:00:00', 21241, 0.47),
  (244, 21, '2025-12-24 11:00:00', 9036, 0.2),
  (245, 21, '2025-12-24 12:00:00', 15606, 0.35),
  (246, 21, '2025-12-24 13:00:00', 11881, 0.26),
  (247, 21, '2025-12-24 14:00:00', 21426, 0.48),
  (248, 21, '2025-12-24 15:00:00', 16237, 0.36),
  (249, 21, '2025-12-24 16:00:00', 16520, 0.37),
  (250, 21, '2025-12-24 17:00:00', 8079, 0.18),
  (251, 21, '2025-12-24 18:00:00', 17597, 0.39),
  (252, 21, '2025-12-24 19:00:00', 5286, 0.12),
  (253, 22, '2025-12-24 08:00:00', 55133, 0.34),
  (254, 22, '2025-12-24 09:00:00', 32812, 0.2),
  (255, 22, '2025-12-24 10:00:00', 46436, 0.29),
  (256, 22, '2025-12-24 11:00:00', 76473, 0.47),
  (257, 22, '2025-12-24 12:00:00', 43648, 0.27),
  (258, 22, '2025-12-24 13:00:00', 56927, 0.35),
  (259, 22, '2025-12-24 14:00:00', 60110, 0.37),
  (260, 22, '2025-12-24 15:00:00', 38758, 0.24),
  (261, 22, '2025-12-24 16:00:00', 45523, 0.28),
  (262, 22, '2025-12-24 17:00:00', 90367, 0.56),
  (263, 22, '2025-12-24 18:00:00', 30125, 0.19),
  (264, 22, '2025-12-24 19:00:00', 30889, 0.19),
  (265, 23, '2025-12-24 08:00:00', 3749, 0.14),
  (266, 23, '2025-12-24 09:00:00', 8956, 0.34),
  (267, 23, '2025-12-24 10:00:00', 9994, 0.38),
  (268, 23, '2025-12-24 11:00:00', 6895, 0.27),
  (269, 23, '2025-12-24 12:00:00', 5651, 0.22),
  (270, 23, '2025-12-24 13:00:00', 14591, 0.56),
  (271, 23, '2025-12-24 14:00:00', 5906, 0.23),
  (272, 23, '2025-12-24 15:00:00', 9296, 0.36),
  (273, 23, '2025-12-24 16:00:00', 16663, 0.64),
  (274, 23, '2025-12-24 17:00:00', 7732, 0.3),
  (275, 23, '2025-12-24 18:00:00', 6808, 0.26),
  (276, 23, '2025-12-24 19:00:00', 6871, 0.26),
  (277, 24, '2025-12-24 08:00:00', 5738, 0.27),
  (278, 24, '2025-12-24 09:00:00', 9710, 0.46),
  (279, 24, '2025-12-24 10:00:00', 7021, 0.33),
  (280, 24, '2025-12-24 11:00:00', 9649, 0.45),
  (281, 24, '2025-12-24 12:00:00', 10324, 0.49),
  (282, 24, '2025-12-24 13:00:00', 15328, 0.72),
  (283, 24, '2025-12-24 14:00:00', 7058, 0.33),
  (284, 24, '2025-12-24 15:00:00', 7195, 0.34),
  (285, 24, '2025-12-24 16:00:00', 4792, 0.23),
  (286, 24, '2025-12-24 17:00:00', 3932, 0.19),
  (287, 24, '2025-12-24 18:00:00', 10574, 0.5),
  (288, 24, '2025-12-24 19:00:00', 3833, 0.18),
  (289, 25, '2025-12-24 08:00:00', 5801, 0.17),
  (290, 25, '2025-12-24 09:00:00', 4753, 0.14),
  (291, 25, '2025-12-24 10:00:00', 10104, 0.29),
  (292, 25, '2025-12-24 11:00:00', 15833, 0.45),
  (293, 25, '2025-12-24 12:00:00', 18826, 0.54),
  (294, 25, '2025-12-24 13:00:00', 6959, 0.2),
  (295, 25, '2025-12-24 14:00:00', 16344, 0.47),
  (296, 25, '2025-12-24 15:00:00', 12266, 0.35),
  (297, 25, '2025-12-24 16:00:00', 17217, 0.49),
  (298, 25, '2025-12-24 17:00:00', 13721, 0.39),
  (299, 25, '2025-12-24 18:00:00', 13005, 0.37),
  (300, 25, '2025-12-24 19:00:00', 9334, 0.27),
  (301, 26, '2025-12-24 08:00:00', 35723, 0.37),
  (302, 26, '2025-12-24 09:00:00', 33575, 0.35),
  (303, 26, '2025-12-24 10:00:00', 36476, 0.38),
  (304, 26, '2025-12-24 11:00:00', 36984, 0.39),
  (305, 26, '2025-12-24 12:00:00', 44441, 0.46),
  (306, 26, '2025-12-24 13:00:00', 54150, 0.56),
  (307, 26, '2025-12-24 14:00:00', 26275, 0.27),
  (308, 26, '2025-12-24 15:00:00', 68587, 0.71),
  (309, 26, '2025-12-24 16:00:00', 16793, 0.17),
  (310, 26, '2025-12-24 17:00:00', 16354, 0.17),
  (311, 26, '2025-12-24 18:00:00', 40939, 0.43),
  (312, 26, '2025-12-24 19:00:00', 33358, 0.35),
  (313, 27, '2025-12-24 08:00:00', 9323, 0.31),
  (314, 27, '2025-12-24 09:00:00', 13714, 0.46),
  (315, 27, '2025-12-24 10:00:00', 6501, 0.22),
  (316, 27, '2025-12-24 11:00:00', 9319, 0.31),
  (317, 27, '2025-12-24 12:00:00', 15349, 0.51),
  (318, 27, '2025-12-24 13:00:00', 19884, 0.66),
  (319, 27, '2025-12-24 14:00:00', 20104, 0.67),
  (320, 27, '2025-12-24 15:00:00', 20864, 0.7),
  (321, 27, '2025-12-24 16:00:00', 12257, 0.41),
  (322, 27, '2025-12-24 17:00:00', 17931, 0.6),
  (323, 27, '2025-12-24 18:00:00', 5669, 0.19),
  (324, 27, '2025-12-24 19:00:00', 11041, 0.37),
  (325, 28, '2025-12-24 08:00:00', 3205, 0.21),
  (326, 28, '2025-12-24 09:00:00', 2495, 0.16),
  (327, 28, '2025-12-24 10:00:00', 5583, 0.36),
  (328, 28, '2025-12-24 11:00:00', 6523, 0.42),
  (329, 28, '2025-12-24 12:00:00', 8906, 0.57),
  (330, 28, '2025-12-24 13:00:00', 11335, 0.73),
  (331, 28, '2025-12-24 14:00:00', 11730, 0.75),
  (332, 28, '2025-12-24 15:00:00', 5621, 0.36),
  (333, 28, '2025-12-24 16:00:00', 5308, 0.34),
  (334, 28, '2025-12-24 17:00:00', 9272, 0.59),
  (335, 28, '2025-12-24 18:00:00', 5569, 0.36),
  (336, 28, '2025-12-24 19:00:00', 5350, 0.34),
  (337, 29, '2025-12-24 08:00:00', 36775, 0.37),
  (338, 29, '2025-12-24 09:00:00', 27509, 0.28),
  (339, 29, '2025-12-24 10:00:00', 20505, 0.21),
  (340, 29, '2025-12-24 11:00:00', 18291, 0.18),
  (341, 29, '2025-12-24 12:00:00', 32229, 0.33),
  (342, 29, '2025-12-24 13:00:00', 32759, 0.33),
  (343, 29, '2025-12-24 14:00:00', 70457, 0.71),
  (344, 29, '2025-12-24 15:00:00', 61837, 0.62),
  (345, 29, '2025-12-24 16:00:00', 65035, 0.66),
  (346, 29, '2025-12-24 17:00:00', 28401, 0.29),
  (347, 29, '2025-12-24 18:00:00', 17160, 0.17),
  (348, 29, '2025-12-24 19:00:00', 17102, 0.17),
  (349, 30, '2025-12-24 08:00:00', 3738, 0.13),
  (350, 30, '2025-12-24 09:00:00', 3752, 0.13),
  (351, 30, '2025-12-24 10:00:00', 8035, 0.28),
  (352, 30, '2025-12-24 11:00:00', 9812, 0.34),
  (353, 30, '2025-12-24 12:00:00', 13421, 0.46),
  (354, 30, '2025-12-24 13:00:00', 7014, 0.24),
  (355, 30, '2025-12-24 14:00:00', 18534, 0.64),
  (356, 30, '2025-12-24 15:00:00', 15496, 0.53),
  (357, 30, '2025-12-24 16:00:00', 10195, 0.35),
  (358, 30, '2025-12-24 17:00:00', 14248, 0.49),
  (359, 30, '2025-12-24 18:00:00', 4354, 0.15),
  (360, 30, '2025-12-24 19:00:00', 10745, 0.37),
  (361, 31, '2025-12-24 08:00:00', 13068, 0.15),
  (362, 31, '2025-12-24 09:00:00', 24320, 0.28),
  (363, 31, '2025-12-24 10:00:00', 16782, 0.19),
  (364, 31, '2025-12-24 11:00:00', 26357, 0.3),
  (365, 31, '2025-12-24 12:00:00', 36724, 0.42),
  (366, 31, '2025-12-24 13:00:00', 24072, 0.27),
  (367, 31, '2025-12-24 14:00:00', 40378, 0.46),
  (368, 31, '2025-12-24 15:00:00', 33737, 0.38),
  (369, 31, '2025-12-24 16:00:00', 26553, 0.3),
  (370, 31, '2025-12-24 17:00:00', 50522, 0.57),
  (371, 31, '2025-12-24 18:00:00', 23737, 0.27),
  (372, 31, '2025-12-24 19:00:00', 30419, 0.35),
  (373, 32, '2025-12-24 08:00:00', 7045, 0.35),
  (374, 32, '2025-12-24 09:00:00', 6512, 0.33),
  (375, 32, '2025-12-24 10:00:00', 6056, 0.3),
  (376, 32, '2025-12-24 11:00:00', 11650, 0.58),
  (377, 32, '2025-12-24 12:00:00', 6458, 0.32),
  (378, 32, '2025-12-24 13:00:00', 8060, 0.4),
  (379, 32, '2025-12-24 14:00:00', 9734, 0.49),
  (380, 32, '2025-12-24 15:00:00', 12643, 0.63),
  (381, 32, '2025-12-24 16:00:00', 6586, 0.33),
  (382, 32, '2025-12-24 17:00:00', 11771, 0.59),
  (383, 32, '2025-12-24 18:00:00', 3857, 0.19),
  (384, 32, '2025-12-24 19:00:00', 5186, 0.26),
  (385, 33, '2025-12-24 08:00:00', 4323, 0.27),
  (386, 33, '2025-12-24 09:00:00', 5889, 0.37),
  (387, 33, '2025-12-24 10:00:00', 5827, 0.36),
  (388, 33, '2025-12-24 11:00:00', 6351, 0.4),
  (389, 33, '2025-12-24 12:00:00', 8920, 0.56),
  (390, 33, '2025-12-24 13:00:00', 10472, 0.65),
  (391, 33, '2025-12-24 14:00:00', 3909, 0.24),
  (392, 33, '2025-12-24 15:00:00', 6102, 0.38),
  (393, 33, '2025-12-24 16:00:00', 3809, 0.24),
  (394, 33, '2025-12-24 17:00:00', 3348, 0.21),
  (395, 33, '2025-12-24 18:00:00', 4148, 0.26),
  (396, 33, '2025-12-24 19:00:00', 6161, 0.39),
  (397, 34, '2025-12-24 08:00:00', 6058, 0.21),
  (398, 34, '2025-12-24 09:00:00', 13231, 0.45),
  (399, 34, '2025-12-24 10:00:00', 8336, 0.28),
  (400, 34, '2025-12-24 11:00:00', 13870, 0.47),
  (401, 34, '2025-12-24 12:00:00', 13781, 0.47),
  (402, 34, '2025-12-24 13:00:00', 10682, 0.36),
  (403, 34, '2025-12-24 14:00:00', 10224, 0.35),
  (404, 34, '2025-12-24 15:00:00', 19543, 0.67),
  (405, 34, '2025-12-24 16:00:00', 15781, 0.54),
  (406, 34, '2025-12-24 17:00:00', 15848, 0.54),
  (407, 34, '2025-12-24 18:00:00', 14794, 0.5),
  (408, 34, '2025-12-24 19:00:00', 11396, 0.39),
  (409, 35, '2025-12-24 08:00:00', 7043, 0.24),
  (410, 35, '2025-12-24 09:00:00', 9827, 0.33),
  (411, 35, '2025-12-24 10:00:00', 11809, 0.4),
  (412, 35, '2025-12-24 11:00:00', 15479, 0.52),
  (413, 35, '2025-12-24 12:00:00', 7454, 0.25),
  (414, 35, '2025-12-24 13:00:00', 10582, 0.36),
  (415, 35, '2025-12-24 14:00:00', 23702, 0.8),
  (416, 35, '2025-12-24 15:00:00', 9547, 0.32),
  (417, 35, '2025-12-24 16:00:00', 5033, 0.17),
  (418, 35, '2025-12-24 17:00:00', 12300, 0.42),
  (419, 35, '2025-12-24 18:00:00', 7147, 0.24),
  (420, 35, '2025-12-24 19:00:00', 9039, 0.31),
  (421, 36, '2025-12-24 08:00:00', 1368, 0.31),
  (422, 36, '2025-12-24 09:00:00', 926, 0.21),
  (423, 36, '2025-12-24 10:00:00', 1467, 0.34),
  (424, 36, '2025-12-24 11:00:00', 725, 0.17),
  (425, 36, '2025-12-24 12:00:00', 1356, 0.31),
  (426, 36, '2025-12-24 13:00:00', 933, 0.21),
  (427, 36, '2025-12-24 14:00:00', 1929, 0.44),
  (428, 36, '2025-12-24 15:00:00', 976, 0.22),
  (429, 36, '2025-12-24 16:00:00', 2079, 0.48),
  (430, 36, '2025-12-24 17:00:00', 2333, 0.54),
  (431, 36, '2025-12-24 18:00:00', 926, 0.21),
  (432, 36, '2025-12-24 19:00:00', 1718, 0.4),
  (433, 37, '2025-12-24 08:00:00', 923, 0.29),
  (434, 37, '2025-12-24 09:00:00', 601, 0.19),
  (435, 37, '2025-12-24 10:00:00', 1192, 0.37),
  (436, 37, '2025-12-24 11:00:00', 1583, 0.49),
  (437, 37, '2025-12-24 12:00:00', 1666, 0.52),
  (438, 37, '2025-12-24 13:00:00', 1661, 0.52),
  (439, 37, '2025-12-24 14:00:00', 2418, 0.75),
  (440, 37, '2025-12-24 15:00:00', 921, 0.29),
  (441, 37, '2025-12-24 16:00:00', 963, 0.3),
  (442, 37, '2025-12-24 17:00:00', 822, 0.26),
  (443, 37, '2025-12-24 18:00:00', 585, 0.18),
  (444, 37, '2025-12-24 19:00:00', 1220, 0.38),
  (445, 38, '2025-12-24 08:00:00', 5010, 0.17),
  (446, 38, '2025-12-24 09:00:00', 10926, 0.37),
  (447, 38, '2025-12-24 10:00:00', 9611, 0.33),
  (448, 38, '2025-12-24 11:00:00', 6070, 0.21),
  (449, 38, '2025-12-24 12:00:00', 17652, 0.6),
  (450, 38, '2025-12-24 13:00:00', 12211, 0.42),
  (451, 38, '2025-12-24 14:00:00', 9219, 0.31),
  (452, 38, '2025-12-24 15:00:00', 7479, 0.25),
  (453, 38, '2025-12-24 16:00:00', 17838, 0.61),
  (454, 38, '2025-12-24 17:00:00', 16865, 0.57),
  (455, 38, '2025-12-24 18:00:00', 11210, 0.38),
  (456, 38, '2025-12-24 19:00:00', 5636, 0.19),
  (457, 39, '2025-12-24 08:00:00', 4039, 0.2),
  (458, 39, '2025-12-24 09:00:00', 7260, 0.36),
  (459, 39, '2025-12-24 10:00:00', 8307, 0.41),
  (460, 39, '2025-12-24 11:00:00', 9869, 0.48),
  (461, 39, '2025-12-24 12:00:00', 5829, 0.29),
  (462, 39, '2025-12-24 13:00:00', 7457, 0.37),
  (463, 39, '2025-12-24 14:00:00', 5545, 0.27),
  (464, 39, '2025-12-24 15:00:00', 9869, 0.48),
  (465, 39, '2025-12-24 16:00:00', 6323, 0.31),
  (466, 39, '2025-12-24 17:00:00', 5075, 0.25),
  (467, 39, '2025-12-24 18:00:00', 5180, 0.25),
  (468, 39, '2025-12-24 19:00:00', 2610, 0.13),
  (469, 40, '2025-12-24 08:00:00', 1419, 0.26),
  (470, 40, '2025-12-24 09:00:00', 1265, 0.23),
  (471, 40, '2025-12-24 10:00:00', 2176, 0.4),
  (472, 40, '2025-12-24 11:00:00', 2461, 0.45),
  (473, 40, '2025-12-24 12:00:00', 1824, 0.33),
  (474, 40, '2025-12-24 13:00:00', 3584, 0.65),
  (475, 40, '2025-12-24 14:00:00', 3050, 0.55),
  (476, 40, '2025-12-24 15:00:00', 3378, 0.61),
  (477, 40, '2025-12-24 16:00:00', 2681, 0.49),
  (478, 40, '2025-12-24 17:00:00', 1227, 0.22),
  (479, 40, '2025-12-24 18:00:00', 1860, 0.34),
  (480, 40, '2025-12-24 19:00:00', 2333, 0.42),
  (481, 41, '2025-12-24 08:00:00', 3193, 0.28),
  (482, 41, '2025-12-24 09:00:00', 2160, 0.19),
  (483, 41, '2025-12-24 10:00:00', 5761, 0.5),
  (484, 41, '2025-12-24 11:00:00', 3178, 0.27),
  (485, 41, '2025-12-24 12:00:00', 2553, 0.22),
  (486, 41, '2025-12-24 13:00:00', 3806, 0.33),
  (487, 41, '2025-12-24 14:00:00', 3497, 0.3),
  (488, 41, '2025-12-24 15:00:00', 7359, 0.63),
  (489, 41, '2025-12-24 16:00:00', 6732, 0.58),
  (490, 41, '2025-12-24 17:00:00', 6770, 0.58),
  (491, 41, '2025-12-24 18:00:00', 2721, 0.23),
  (492, 41, '2025-12-24 19:00:00', 3707, 0.32),
  (493, 42, '2025-12-24 08:00:00', 15456, 0.36),
  (494, 42, '2025-12-24 09:00:00', 11801, 0.27),
  (495, 42, '2025-12-24 10:00:00', 21864, 0.5),
  (496, 42, '2025-12-24 11:00:00', 21392, 0.49),
  (497, 42, '2025-12-24 12:00:00', 12712, 0.29),
  (498, 42, '2025-12-24 13:00:00', 12354, 0.28),
  (499, 42, '2025-12-24 14:00:00', 23310, 0.54),
  (500, 42, '2025-12-24 15:00:00', 20754, 0.48);

INSERT INTO `DynamicData` (`record_id`, `poi_id`, `record_time`, `passenger_flow`, `occupancy_rate`)
VALUES
  (501, 42, '2025-12-24 16:00:00', 20227, 0.46),
  (502, 42, '2025-12-24 17:00:00', 12825, 0.29),
  (503, 42, '2025-12-24 18:00:00', 9324, 0.21),
  (504, 42, '2025-12-24 19:00:00', 17119, 0.39),
  (505, 43, '2025-12-24 08:00:00', 8451, 0.17),
  (506, 43, '2025-12-24 09:00:00', 12645, 0.25),
  (507, 43, '2025-12-24 10:00:00', 12070, 0.24),
  (508, 43, '2025-12-24 11:00:00', 14531, 0.29),
  (509, 43, '2025-12-24 12:00:00', 28156, 0.56),
  (510, 43, '2025-12-24 13:00:00', 9428, 0.19),
  (511, 43, '2025-12-24 14:00:00', 38145, 0.76),
  (512, 43, '2025-12-24 15:00:00', 18449, 0.37),
  (513, 43, '2025-12-24 16:00:00', 12009, 0.24),
  (514, 43, '2025-12-24 17:00:00', 18194, 0.36),
  (515, 43, '2025-12-24 18:00:00', 16166, 0.32),
  (516, 43, '2025-12-24 19:00:00', 22213, 0.44),
  (517, 44, '2025-12-24 08:00:00', 2669, 0.27),
  (518, 44, '2025-12-24 09:00:00', 4142, 0.41),
  (519, 44, '2025-12-24 10:00:00', 3557, 0.36),
  (520, 44, '2025-12-24 11:00:00', 5198, 0.52),
  (521, 44, '2025-12-24 12:00:00', 3031, 0.3),
  (522, 44, '2025-12-24 13:00:00', 4758, 0.48),
  (523, 44, '2025-12-24 14:00:00', 5351, 0.54),
  (524, 44, '2025-12-24 15:00:00', 4685, 0.47),
  (525, 44, '2025-12-24 16:00:00', 2375, 0.24),
  (526, 44, '2025-12-24 17:00:00', 5107, 0.51),
  (527, 44, '2025-12-24 18:00:00', 3325, 0.33),
  (528, 44, '2025-12-24 19:00:00', 4140, 0.41),
  (529, 45, '2025-12-24 08:00:00', 1691, 0.22),
  (530, 45, '2025-12-24 09:00:00', 2094, 0.27),
  (531, 45, '2025-12-24 10:00:00', 3617, 0.46),
  (532, 45, '2025-12-24 11:00:00', 1399, 0.18),
  (533, 45, '2025-12-24 12:00:00', 2869, 0.37),
  (534, 45, '2025-12-24 13:00:00', 4200, 0.54),
  (535, 45, '2025-12-24 14:00:00', 1871, 0.24),
  (536, 45, '2025-12-24 15:00:00', 5257, 0.67),
  (537, 45, '2025-12-24 16:00:00', 4424, 0.57),
  (538, 45, '2025-12-24 17:00:00', 3001, 0.38),
  (539, 45, '2025-12-24 18:00:00', 2701, 0.35),
  (540, 45, '2025-12-24 19:00:00', 3593, 0.46),
  (541, 46, '2025-12-24 08:00:00', 3957, 0.39),
  (542, 46, '2025-12-24 09:00:00', 4475, 0.44),
  (543, 46, '2025-12-24 10:00:00', 1663, 0.16),
  (544, 46, '2025-12-24 11:00:00', 4678, 0.46),
  (545, 46, '2025-12-24 12:00:00', 4849, 0.48),
  (546, 46, '2025-12-24 13:00:00', 6288, 0.62),
  (547, 46, '2025-12-24 14:00:00', 7334, 0.72),
  (548, 46, '2025-12-24 15:00:00', 1975, 0.19),
  (549, 46, '2025-12-24 16:00:00', 2003, 0.2),
  (550, 46, '2025-12-24 17:00:00', 4336, 0.43),
  (551, 46, '2025-12-24 18:00:00', 3797, 0.37),
  (552, 46, '2025-12-24 19:00:00', 2965, 0.29),
  (553, 47, '2025-12-24 08:00:00', 164, 0.33),
  (554, 47, '2025-12-24 09:00:00', 157, 0.31),
  (555, 47, '2025-12-24 10:00:00', 135, 0.27),
  (556, 47, '2025-12-24 11:00:00', 95, 0.19),
  (557, 47, '2025-12-24 12:00:00', 146, 0.29),
  (558, 47, '2025-12-24 13:00:00', 132, 0.26),
  (559, 47, '2025-12-24 14:00:00', 162, 0.32),
  (560, 47, '2025-12-24 15:00:00', 186, 0.37),
  (561, 47, '2025-12-24 16:00:00', 253, 0.51),
  (562, 47, '2025-12-24 17:00:00', 174, 0.35),
  (563, 47, '2025-12-24 18:00:00', 207, 0.41),
  (564, 47, '2025-12-24 19:00:00', 71, 0.14),
  (565, 48, '2025-12-24 08:00:00', 31101, 0.35),
  (566, 48, '2025-12-24 09:00:00', 34071, 0.39),
  (567, 48, '2025-12-24 10:00:00', 46017, 0.52),
  (568, 48, '2025-12-24 11:00:00', 17983, 0.2),
  (569, 48, '2025-12-24 12:00:00', 21313, 0.24),
  (570, 48, '2025-12-24 13:00:00', 28479, 0.32),
  (571, 48, '2025-12-24 14:00:00', 54070, 0.61),
  (572, 48, '2025-12-24 15:00:00', 61017, 0.69),
  (573, 48, '2025-12-24 16:00:00', 49574, 0.56),
  (574, 48, '2025-12-24 17:00:00', 21013, 0.24),
  (575, 48, '2025-12-24 18:00:00', 20495, 0.23),
  (576, 48, '2025-12-24 19:00:00', 24044, 0.27),
  (577, 49, '2025-12-24 08:00:00', 3140, 0.21),
  (578, 49, '2025-12-24 09:00:00', 4292, 0.29),
  (579, 49, '2025-12-24 10:00:00', 4915, 0.33),
  (580, 49, '2025-12-24 11:00:00', 4652, 0.31),
  (581, 49, '2025-12-24 12:00:00', 8871, 0.59),
  (582, 49, '2025-12-24 13:00:00', 6658, 0.44),
  (583, 49, '2025-12-24 14:00:00', 7117, 0.47),
  (584, 49, '2025-12-24 15:00:00', 2904, 0.19),
  (585, 49, '2025-12-24 16:00:00', 6870, 0.46),
  (586, 49, '2025-12-24 17:00:00', 5258, 0.35),
  (587, 49, '2025-12-24 18:00:00', 6753, 0.45),
  (588, 49, '2025-12-24 19:00:00', 1934, 0.13),
  (589, 50, '2025-12-24 08:00:00', 5580, 0.28),
  (590, 50, '2025-12-24 09:00:00', 3629, 0.18),
  (591, 50, '2025-12-24 10:00:00', 7983, 0.4),
  (592, 50, '2025-12-24 11:00:00', 7885, 0.39),
  (593, 50, '2025-12-24 12:00:00', 5406, 0.27),
  (594, 50, '2025-12-24 13:00:00', 12431, 0.62),
  (595, 50, '2025-12-24 14:00:00', 10242, 0.51),
  (596, 50, '2025-12-24 15:00:00', 10508, 0.53),
  (597, 50, '2025-12-24 16:00:00', 10898, 0.54),
  (598, 50, '2025-12-24 17:00:00', 11125, 0.56),
  (599, 50, '2025-12-24 18:00:00', 4182, 0.21),
  (600, 50, '2025-12-24 19:00:00', 9122, 0.46);

-- ==================== AlertAffectedPoi ====================
-- 共 47 条记录

INSERT INTO `AlertAffectedPoi` (`a_id`, `alert_id`, `poi_id`)
VALUES
  (1, 1, 126),
  (2, 1, 27),
  (3, 1, 342),
  (4, 1, 48),
  (5, 1, 46),
  (6, 1, 289),
  (7, 1, 260),
  (8, 1, 7),
  (9, 1, 182),
  (10, 2, 116),
  (11, 2, 313),
  (12, 2, 113),
  (13, 2, 220),
  (14, 2, 356),
  (15, 2, 224),
  (16, 2, 80),
  (17, 2, 241),
  (18, 2, 351),
  (19, 3, 180),
  (20, 3, 338),
  (21, 3, 188),
  (22, 3, 32),
  (23, 3, 205),
  (24, 3, 214),
  (25, 3, 213),
  (26, 3, 35),
  (27, 3, 215),
  (28, 4, 360),
  (29, 4, 347),
  (30, 4, 60),
  (31, 4, 38),
  (32, 4, 348),
  (33, 4, 175),
  (34, 5, 350),
  (35, 5, 212),
  (36, 5, 50),
  (37, 5, 247),
  (38, 5, 307),
  (39, 5, 14),
  (40, 5, 302),
  (41, 5, 13),
  (42, 5, 157),
  (43, 5, 190),
  (44, 5, 279),
  (45, 5, 308),
  (46, 5, 322),
  (47, 5, 280);

-- 恢复外键检查
SET FOREIGN_KEY_CHECKS = 1;

-- 导入完成！
