南京#20240313#C1001	C1001	奥迪	孙颖	sold	南京	0000066.90	20240313
上海#20240411#C1002	C1002	奥迪	沈伟	sold	上海	0000040.40	20240411
重庆#20240520#C1003	C1003	本田	杨强	pending	重庆	0000027.40	20240520
广州#20241208#C1004	C1004	奔驰	沈洋	sold	广州	0000066.80	20241208
西安#20240305#C1005	C1005	特斯拉	郭敏	sold	西安	0000037.40	20240305
天津#20241218#C1006	C1006	特斯拉	沈军	pending	天津	0000042.70	20241218
上海#20240610#C1007	C1007	长城	周宁	sold	上海	0000018.90	20240610
郑州#20240131#C1008	C1008	蔚来	王芳	pending	郑州	0000046.20	20240131
宁波#20240112#C1009	C1009	理想	吴丽	sold	宁波	0000047.40	20240112
宁波#20241213#C1010	C1010	本田	郑强	sold	宁波	0000022.90	20241213
天津#20241201#C1011	C1011	蔚来	沈静	sold	天津	0000041.30	20241201
杭州#20240905#C1012	C1012	丰田	刘静	sold	杭州	0000026.10	20240905
北京#20240522#C1013	C1013	比亚迪	陈超	sold	北京	0000025.80	20240522
成都#20240619#C1014	C1014	蔚来	陈洋	pending	成都	0000045.40	20240619
沈阳#20240727#C1015	C1015	五菱	周涛	sold	沈阳	0000004.70	20240727
昆明#20240606#C1016	C1016	大众	郑敏	pending	昆明	0000024.20	20240606
广州#20240408#C1017	C1017	小鹏	周芳	sold	广州	0000033.00	20240408
西安#20241103#C1018	C1018	理想	周伟	sold	西安	0000042.40	20241103
西安#20240921#C1019	C1019	理想	杨强	sold	西安	0000035.40	20240921
成都#20241106#C1020	C1020	小鹏	郑敏	sold	成都	0000028.20	20241106
沈阳#20240705#C1021	C1021	特斯拉	杨杰	sold	沈阳	0000034.50	20240705
南京#20240426#C1022	C1022	蔚来	杨强	pending	南京	0000045.30	20240426
西安#20241207#C1023	C1023	大众	张伟	sold	西安	0000018.20	20241207
南京#20240801#C1024	C1024	丰田	赵洋	sold	南京	0000022.40	20240801
昆明#20241013#C1025	C1025	奔驰	赵杰	sold	昆明	0000047.10	20241013
天津#20241015#C1026	C1026	吉利	杨洋	pending	天津	0000019.30	20241015
沈阳#20240615#C1027	C1027	五菱	沈军	pending	沈阳	0000011.70	20240615
南京#20240920#C1028	C1028	蔚来	沈超	sold	南京	0000037.30	20240920
西安#20240815#C1029	C1029	丰田	郭伟	sold	西安	0000014.60	20240815
长沙#20240926#C1030	C1030	五菱	周静	sold	长沙	0000009.30	20240926
北京#20240212#C1031	C1031	长安	唐强	sold	北京	0000010.90	20240212
武汉#20241106#C1032	C1032	长安	郑静	sold	武汉	0000015.10	20241106
广州#20240422#C1033	C1033	小鹏	沈伟	sold	广州	0000030.20	20240422
西安#20240118#C1034	C1034	奥迪	周丽	pending	西安	0000032.00	20240118
武汉#20241016#C1035	C1035	大众	杨超	sold	武汉	0000019.60	20241016
深圳#20240831#C1036	C1036	蔚来	杨涛	pending	深圳	0000046.00	20240831
昆明#20240505#C1037	C1037	长安	郭宁	pending	昆明	0000014.50	20240505
武汉#20240222#C1038	C1038	吉利	沈颖	sold	武汉	0000015.50	20240222
昆明#20241014#C1039	C1039	长安	唐宁	sold	昆明	0000012.50	20241014
南京#20241024#C1040	C1040	理想	吴强	sold	南京	0000042.90	20241024
西安#20240204#C1041	C1041	奥迪	陈超	sold	西安	0000060.80	20240204
苏州#20240718#C1042	C1042	本田	王宁	sold	苏州	0000028.00	20240718
沈阳#20240724#C1043	C1043	奥迪	张娜	sold	沈阳	0000038.90	20240724
青岛#20241221#C1044	C1044	大众	郭军	pending	青岛	0000022.50	20241221
宁波#20240111#C1045	C1045	本田	杨静	sold	宁波	0000020.40	20240111
昆明#20240617#C1046	C1046	特斯拉	郭娜	sold	昆明	0000030.10	20240617
深圳#20240908#C1047	C1047	小鹏	杨丽	pending	深圳	0000029.40	20240908
上海#20241005#C1048	C1048	五菱	吴伟	sold	上海	0000004.60	20241005
成都#20241120#C1049	C1049	理想	王静	sold	成都	0000041.90	20241120
苏州#20241212#C1050	C1050	蔚来	郑敏	sold	苏州	0000033.70	20241212
武汉#20241103#C1051	C1051	比亚迪	赵涛	pending	武汉	0000007.40	20241103
上海#20240211#C1052	C1052	大众	张颖	pending	上海	0000021.10	20240211
沈阳#20240923#C1053	C1053	长安	周军	pending	沈阳	0000016.90	20240923
广州#20240608#C1054	C1054	长安	郭颖	sold	广州	0000014.20	20240608
杭州#20240312#C1055	C1055	理想	张丽	pending	杭州	0000056.50	20240312
重庆#20241009#C1056	C1056	长城	吴鹏	pending	重庆	0000014.90	20241009
北京#20240503#C1057	C1057	丰田	杨伟	sold	北京	0000023.20	20240503
沈阳#20240722#C1058	C1058	长安	沈军	sold	沈阳	0000008.70	20240722
广州#20241025#C1059	C1059	大众	李静	sold	广州	0000012.90	20241025
长沙#20240612#C1060	C1060	奔驰	唐洋	pending	长沙	0000058.80	20240612
西安#20240701#C1061	C1061	丰田	周宁	sold	西安	0000034.90	20240701
青岛#20240201#C1062	C1062	长安	陈军	sold	青岛	0000012.90	20240201
长沙#20240112#C1063	C1063	丰田	张敏	sold	长沙	0000024.40	20240112
广州#20240613#C1064	C1064	理想	郑娜	sold	广州	0000035.10	20240613
深圳#20240902#C1065	C1065	蔚来	唐超	pending	深圳	0000053.40	20240902
北京#20241208#C1066	C1066	蔚来	唐娜	sold	北京	0000053.80	20241208
西安#20240114#C1067	C1067	奔驰	李杰	sold	西安	0000069.80	20240114
深圳#20241202#C1068	C1068	长城	林娜	sold	深圳	0000019.40	20241202
成都#20240612#C1069	C1069	长城	郭静	sold	成都	0000011.90	20240612
沈阳#20240702#C1070	C1070	五菱	刘敏	sold	沈阳	0000007.60	20240702
成都#20240208#C1071	C1071	特斯拉	沈超	pending	成都	0000037.00	20240208
长沙#20241021#C1072	C1072	蔚来	郑娜	sold	长沙	0000041.40	20241021
昆明#20240524#C1073	C1073	丰田	吴强	sold	昆明	0000030.90	20240524
成都#20241017#C1074	C1074	长安	张军	sold	成都	0000010.60	20241017
苏州#20240926#C1075	C1075	小鹏	张鹏	sold	苏州	0000024.50	20240926
郑州#20240302#C1076	C1076	奔驰	吴强	sold	郑州	0000075.70	20240302
沈阳#20240111#C1077	C1077	特斯拉	沈敏	pending	沈阳	0000036.30	20240111
南京#20240923#C1078	C1078	吉利	王超	sold	南京	0000010.20	20240923
成都#20241114#C1079	C1079	理想	孙宁	pending	成都	0000042.50	20241114
南京#20240915#C1080	C1080	小鹏	周静	pending	南京	0000040.70	20240915
武汉#20240702#C1081	C1081	小鹏	杨丽	pending	武汉	0000029.00	20240702
昆明#20240401#C1082	C1082	五菱	沈鹏	sold	昆明	0000007.80	20240401
沈阳#20241022#C1083	C1083	宝马	孙强	pending	沈阳	0000073.70	20241022
苏州#20240914#C1084	C1084	特斯拉	孙军	pending	苏州	0000047.80	20240914
上海#20240507#C1085	C1085	特斯拉	杨丽	sold	上海	0000037.90	20240507
青岛#20241006#C1086	C1086	比亚迪	陈静	sold	青岛	0000008.40	20241006
苏州#20240101#C1087	C1087	长城	林超	pending	苏州	0000013.20	20240101
广州#20241128#C1088	C1088	长城	刘军	pending	广州	0000011.40	20241128
深圳#20240229#C1089	C1089	奔驰	陈超	sold	深圳	0000037.40	20240229
苏州#20240104#C1090	C1090	小鹏	沈洋	sold	苏州	0000037.00	20240104
郑州#20241002#C1091	C1091	长安	杨敏	pending	郑州	0000009.70	20241002
武汉#20240908#C1092	C1092	特斯拉	郑超	sold	武汉	0000032.50	20240908
苏州#20241218#C1093	C1093	五菱	沈伟	sold	苏州	0000010.70	20241218
青岛#20241108#C1094	C1094	蔚来	王洋	sold	青岛	0000048.40	20241108
沈阳#20241106#C1095	C1095	吉利	刘芳	sold	沈阳	0000008.20	20241106
武汉#20241018#C1096	C1096	奔驰	陈洋	sold	武汉	0000061.50	20241018
广州#20240221#C1097	C1097	小鹏	郑涛	sold	广州	0000038.80	20240221
北京#20240823#C1098	C1098	蔚来	赵敏	sold	北京	0000036.30	20240823
武汉#20240825#C1099	C1099	大众	沈静	sold	武汉	0000016.70	20240825
上海#20241116#C1100	C1100	奔驰	吴洋	sold	上海	0000067.00	20241116
郑州#20240830#C1101	C1101	蔚来	林军	sold	郑州	0000033.80	20240830
广州#20240618#C1102	C1102	五菱	刘伟	pending	广州	0000013.70	20240618
杭州#20240908#C1103	C1103	丰田	李颖	sold	杭州	0000024.40	20240908
北京#20240222#C1104	C1104	比亚迪	王军	sold	北京	0000009.00	20240222
武汉#20240527#C1105	C1105	比亚迪	郭涛	sold	武汉	0000018.80	20240527
重庆#20240803#C1106	C1106	奥迪	沈静	pending	重庆	0000036.40	20240803
重庆#20240814#C1107	C1107	比亚迪	刘伟	sold	重庆	0000018.90	20240814
宁波#20240817#C1108	C1108	理想	唐杰	pending	宁波	0000032.40	20240817
青岛#20240930#C1109	C1109	丰田	李涛	sold	青岛	0000014.60	20240930
杭州#20241115#C1110	C1110	奥迪	郭敏	sold	杭州	0000027.80	20241115
成都#20240103#C1111	C1111	宝马	郑静	sold	成都	0000062.50	20240103
北京#20240803#C1112	C1112	理想	赵鹏	sold	北京	0000040.70	20240803
南京#20240812#C1113	C1113	小鹏	陈芳	sold	南京	0000039.10	20240812
南京#20240608#C1114	C1114	比亚迪	王颖	sold	南京	0000025.70	20240608
北京#20240815#C1115	C1115	宝马	张强	sold	北京	0000069.60	20240815
郑州#20240416#C1116	C1116	五菱	张丽	sold	郑州	0000004.80	20240416
杭州#20240727#C1117	C1117	吉利	赵丽	sold	杭州	0000017.30	20240727
深圳#20241224#C1118	C1118	奔驰	陈静	pending	深圳	0000087.70	20241224
长沙#20241225#C1119	C1119	宝马	郑娜	sold	长沙	0000034.00	20241225
苏州#20241104#C1120	C1120	比亚迪	王敏	pending	苏州	0000015.60	20241104
广州#20240818#C1121	C1121	比亚迪	杨超	pending	广州	0000030.70	20240818
宁波#20241004#C1122	C1122	丰田	林军	pending	宁波	0000030.80	20241004
苏州#20240104#C1123	C1123	蔚来	李颖	pending	苏州	0000055.40	20240104
南京#20240725#C1124	C1124	大众	王娜	pending	南京	0000025.50	20240725
北京#20240103#C1125	C1125	蔚来	杨强	sold	北京	0000047.20	20240103
北京#20240118#C1126	C1126	奔驰	周鹏	sold	北京	0000063.20	20240118
沈阳#20240507#C1127	C1127	吉利	唐鹏	sold	沈阳	0000009.80	20240507
沈阳#20241107#C1128	C1128	宝马	陈洋	sold	沈阳	0000058.10	20241107
西安#20240208#C1129	C1129	奥迪	郑军	pending	西安	0000048.80	20240208
南京#20240212#C1130	C1130	大众	陈超	sold	南京	0000013.30	20240212
上海#20240919#C1131	C1131	小鹏	赵超	sold	上海	0000018.80	20240919
南京#20240106#C1132	C1132	长城	陈颖	sold	南京	0000018.40	20240106
青岛#20240321#C1133	C1133	特斯拉	李超	pending	青岛	0000045.60	20240321
重庆#20241021#C1134	C1134	理想	吴杰	pending	重庆	0000052.50	20241021
青岛#20241106#C1135	C1135	本田	郭静	sold	青岛	0000018.10	20241106
沈阳#20241027#C1136	C1136	小鹏	孙丽	sold	沈阳	0000028.60	20241027
南京#20241009#C1137	C1137	长安	郭伟	sold	南京	0000007.50	20241009
广州#20240720#C1138	C1138	特斯拉	杨丽	sold	广州	0000040.60	20240720
苏州#20241025#C1139	C1139	特斯拉	郭军	sold	苏州	0000030.30	20241025
深圳#20240222#C1140	C1140	大众	王丽	sold	深圳	0000029.20	20240222
重庆#20240619#C1141	C1141	宝马	周宁	sold	重庆	0000076.20	20240619
苏州#20241001#C1142	C1142	奔驰	王涛	sold	苏州	0000071.80	20241001
广州#20240821#C1143	C1143	吉利	唐丽	sold	广州	0000017.80	20240821
郑州#20240911#C1144	C1144	大众	沈超	sold	郑州	0000018.20	20240911
北京#20241023#C1145	C1145	大众	陈杰	sold	北京	0000015.60	20241023
杭州#20240813#C1146	C1146	宝马	郭丽	sold	杭州	0000068.10	20240813
南京#20240919#C1147	C1147	五菱	周敏	sold	南京	0000003.50	20240919
重庆#20241003#C1148	C1148	五菱	杨超	sold	重庆	0000008.00	20241003
宁波#20241130#C1149	C1149	比亚迪	孙宁	sold	宁波	0000026.50	20241130
北京#20241124#C1150	C1150	蔚来	孙伟	sold	北京	0000047.50	20241124
成都#20240913#C1151	C1151	特斯拉	孙强	sold	成都	0000039.60	20240913
杭州#20241102#C1152	C1152	五菱	郭洋	sold	杭州	0000008.80	20241102
青岛#20240613#C1153	C1153	本田	赵涛	pending	青岛	0000029.90	20240613
广州#20240520#C1154	C1154	奥迪	唐敏	sold	广州	0000052.60	20240520
广州#20240509#C1155	C1155	小鹏	张宁	sold	广州	0000022.60	20240509
上海#20240126#C1156	C1156	奔驰	郑鹏	sold	上海	0000084.50	20240126
沈阳#20240418#C1157	C1157	五菱	唐超	pending	沈阳	0000004.00	20240418
重庆#20240703#C1158	C1158	小鹏	刘军	sold	重庆	0000026.90	20240703
重庆#20240707#C1159	C1159	吉利	刘芳	sold	重庆	0000018.80	20240707
西安#20240214#C1160	C1160	奥迪	林颖	sold	西安	0000053.40	20240214
深圳#20240221#C1161	C1161	奔驰	郭鹏	sold	深圳	0000084.90	20240221
成都#20240218#C1162	C1162	比亚迪	刘杰	sold	成都	0000010.90	20240218
昆明#20241108#C1163	C1163	奔驰	沈敏	sold	昆明	0000051.70	20241108
昆明#20241009#C1164	C1164	本田	王鹏	sold	昆明	0000023.70	20241009
沈阳#20240804#C1165	C1165	蔚来	张涛	pending	沈阳	0000052.60	20240804
宁波#20241109#C1166	C1166	小鹏	郑鹏	sold	宁波	0000039.00	20241109
南京#20240928#C1167	C1167	比亚迪	周伟	pending	南京	0000009.00	20240928
长沙#20241229#C1168	C1168	理想	林伟	sold	长沙	0000032.00	20241229
深圳#20240624#C1169	C1169	长城	沈芳	pending	深圳	0000024.60	20240624
苏州#20240308#C1170	C1170	比亚迪	吴芳	sold	苏州	0000027.50	20240308
沈阳#20241203#C1171	C1171	奥迪	李芳	pending	沈阳	0000062.80	20241203
成都#20240114#C1172	C1172	吉利	周强	pending	成都	0000018.30	20240114
广州#20240617#C1173	C1173	比亚迪	陈杰	sold	广州	0000029.10	20240617
广州#20240715#C1174	C1174	丰田	陈芳	sold	广州	0000024.10	20240715
杭州#20240909#C1175	C1175	小鹏	吴涛	sold	杭州	0000038.70	20240909
苏州#20240520#C1176	C1176	奥迪	陈芳	sold	苏州	0000057.40	20240520
沈阳#20240709#C1177	C1177	理想	刘颖	sold	沈阳	0000043.60	20240709
昆明#20240310#C1178	C1178	丰田	周杰	pending	昆明	0000028.30	20240310
南京#20241005#C1179	C1179	蔚来	刘杰	pending	南京	0000034.90	20241005
上海#20240606#C1180	C1180	五菱	郭涛	sold	上海	0000007.10	20240606
上海#20241229#C1181	C1181	宝马	赵超	sold	上海	0000066.90	20241229
重庆#20240413#C1182	C1182	丰田	吴军	pending	重庆	0000036.20	20240413
苏州#20240216#C1183	C1183	长城	陈丽	pending	苏州	0000025.10	20240216
深圳#20240902#C1184	C1184	小鹏	赵强	sold	深圳	0000038.40	20240902
武汉#20241230#C1185	C1185	本田	唐强	sold	武汉	0000011.10	20241230
西安#20240321#C1186	C1186	理想	孙丽	sold	西安	0000036.30	20240321
西安#20240117#C1187	C1187	奥迪	杨杰	sold	西安	0000067.60	20240117
昆明#20241002#C1188	C1188	长安	唐丽	sold	昆明	0000017.10	20241002
深圳#20240812#C1189	C1189	理想	张芳	pending	深圳	0000049.40	20240812
北京#20240220#C1190	C1190	本田	林军	sold	北京	0000013.80	20240220
杭州#20241023#C1191	C1191	长安	周敏	sold	杭州	0000016.50	20241023
杭州#20240126#C1192	C1192	理想	周强	sold	杭州	0000036.00	20240126
成都#20240926#C1193	C1193	蔚来	林涛	sold	成都	0000040.20	20240926
广州#20241112#C1194	C1194	奔驰	郑娜	pending	广州	0000078.30	20241112
杭州#20241231#C1195	C1195	小鹏	陈超	sold	杭州	0000033.80	20241231
昆明#20240805#C1196	C1196	长城	吴涛	sold	昆明	0000010.30	20240805
北京#20241028#C1197	C1197	宝马	郭静	pending	北京	0000068.60	20241028
重庆#20240520#C1198	C1198	长安	吴涛	sold	重庆	0000015.00	20240520
成都#20240111#C1199	C1199	长城	周杰	pending	成都	0000013.60	20240111
深圳#20240807#C1200	C1200	奔驰	赵丽	sold	深圳	0000078.50	20240807
杭州#20240412#C1201	C1201	比亚迪	刘强	pending	杭州	0000010.70	20240412
宁波#20240206#C1202	C1202	长城	王丽	sold	宁波	0000012.00	20240206
重庆#20241211#C1203	C1203	长安	王丽	sold	重庆	0000015.60	20241211
成都#20241107#C1204	C1204	小鹏	张芳	sold	成都	0000022.40	20241107
郑州#20240502#C1205	C1205	宝马	王娜	sold	郑州	0000062.80	20240502
南京#20240717#C1206	C1206	奥迪	周敏	sold	南京	0000031.80	20240717
成都#20240904#C1207	C1207	本田	沈颖	sold	成都	0000022.60	20240904
杭州#20240719#C1208	C1208	吉利	张超	sold	杭州	0000015.50	20240719
深圳#20241218#C1209	C1209	丰田	刘洋	sold	深圳	0000028.60	20241218
武汉#20240413#C1210	C1210	奥迪	唐超	sold	武汉	0000036.00	20240413
宁波#20241016#C1211	C1211	小鹏	陈敏	pending	宁波	0000040.90	20241016
武汉#20240606#C1212	C1212	比亚迪	唐娜	sold	武汉	0000014.20	20240606
深圳#20240920#C1213	C1213	吉利	郑敏	sold	深圳	0000019.50	20240920
南京#20240613#C1214	C1214	大众	郭芳	sold	南京	0000012.80	20240613
深圳#20240422#C1215	C1215	蔚来	吴颖	sold	深圳	0000033.50	20240422
上海#20241211#C1216	C1216	小鹏	刘超	sold	上海	0000033.00	20241211
青岛#20240807#C1217	C1217	奔驰	孙强	sold	青岛	0000069.00	20240807
昆明#20240924#C1218	C1218	大众	王强	pending	昆明	0000015.60	20240924
南京#20241019#C1219	C1219	小鹏	郑强	sold	南京	0000038.50	20241019
武汉#20240813#C1220	C1220	奔驰	沈强	pending	武汉	0000092.20	20240813
郑州#20240721#C1221	C1221	大众	郑静	sold	郑州	0000024.80	20240721
北京#20240720#C1222	C1222	小鹏	赵军	sold	北京	0000039.50	20240720
宁波#20240226#C1223	C1223	宝马	赵宁	sold	宁波	0000068.10	20240226
杭州#20240914#C1224	C1224	五菱	陈超	sold	杭州	0000003.10	20240914
杭州#20240509#C1225	C1225	小鹏	唐杰	sold	杭州	0000024.40	20240509
深圳#20240315#C1226	C1226	小鹏	张超	pending	深圳	0000041.40	20240315
长沙#20240702#C1227	C1227	五菱	陈鹏	pending	长沙	0000004.60	20240702
宁波#20241011#C1228	C1228	长城	沈洋	pending	宁波	0000023.30	20241011
苏州#20240413#C1229	C1229	理想	郭静	sold	苏州	0000046.40	20240413
成都#20240829#C1230	C1230	长安	孙强	sold	成都	0000015.50	20240829
苏州#20241004#C1231	C1231	长安	郑娜	sold	苏州	0000014.00	20241004
成都#20240717#C1232	C1232	丰田	赵敏	sold	成都	0000017.50	20240717
青岛#20241215#C1233	C1233	大众	杨军	sold	青岛	0000011.80	20241215
苏州#20241114#C1234	C1234	小鹏	刘宁	sold	苏州	0000039.50	20241114
南京#20240819#C1235	C1235	奔驰	陈宁	sold	南京	0000099.90	20240819
广州#20240626#C1236	C1236	宝马	林颖	sold	广州	0000045.80	20240626
长沙#20241123#C1237	C1237	特斯拉	吴涛	sold	长沙	0000029.90	20241123
上海#20240509#C1238	C1238	比亚迪	赵军	sold	上海	0000012.20	20240509
南京#20241114#C1239	C1239	理想	周军	sold	南京	0000047.20	20241114
郑州#20240614#C1240	C1240	蔚来	杨宁	sold	郑州	0000035.20	20240614
天津#20241122#C1241	C1241	宝马	李杰	sold	天津	0000050.40	20241122
昆明#20240305#C1242	C1242	奔驰	林宁	pending	昆明	0000072.70	20240305
沈阳#20240102#C1243	C1243	小鹏	赵丽	sold	沈阳	0000027.10	20240102
深圳#20240429#C1244	C1244	长安	郭强	sold	深圳	0000015.50	20240429
苏州#20240831#C1245	C1245	宝马	王娜	pending	苏州	0000082.10	20240831
北京#20240823#C1246	C1246	五菱	孙军	sold	北京	0000009.60	20240823
广州#20241216#C1247	C1247	奥迪	林涛	sold	广州	0000059.80	20241216
昆明#20240802#C1248	C1248	小鹏	郑杰	pending	昆明	0000033.80	20240802
武汉#20241126#C1249	C1249	奔驰	林洋	pending	武汉	0000056.60	20241126
长沙#20241002#C1250	C1250	特斯拉	张超	sold	长沙	0000043.20	20241002
深圳#20240122#C1251	C1251	理想	郑超	pending	深圳	0000052.60	20240122
苏州#20240101#C1252	C1252	奥迪	唐洋	sold	苏州	0000068.30	20240101
重庆#20240418#C1253	C1253	宝马	刘丽	pending	重庆	0000093.40	20240418
北京#20240114#C1254	C1254	奔驰	李颖	sold	北京	0000065.10	20240114
郑州#20240123#C1255	C1255	五菱	周敏	pending	郑州	0000005.00	20240123
天津#20240210#C1256	C1256	长城	陈娜	sold	天津	0000019.10	20240210
天津#20240901#C1257	C1257	宝马	赵颖	pending	天津	0000057.10	20240901
昆明#20240907#C1258	C1258	理想	陈洋	sold	昆明	0000036.30	20240907
上海#20240612#C1259	C1259	特斯拉	郭杰	sold	上海	0000039.80	20240612
广州#20240513#C1260	C1260	吉利	沈宁	pending	广州	0000014.00	20240513
北京#20241013#C1261	C1261	宝马	李超	pending	北京	0000055.80	20241013
武汉#20240828#C1262	C1262	蔚来	唐静	sold	武汉	0000039.20	20240828
广州#20241016#C1263	C1263	蔚来	刘杰	sold	广州	0000037.00	20241016
武汉#20241222#C1264	C1264	奥迪	王涛	sold	武汉	0000061.30	20241222
沈阳#20240725#C1265	C1265	特斯拉	孙丽	sold	沈阳	0000033.10	20240725
郑州#20240330#C1266	C1266	小鹏	唐伟	sold	郑州	0000028.00	20240330
郑州#20241001#C1267	C1267	大众	孙军	sold	郑州	0000022.50	20241001
宁波#20240907#C1268	C1268	比亚迪	王超	sold	宁波	0000020.40	20240907
宁波#20240925#C1269	C1269	宝马	林敏	pending	宁波	0000035.40	20240925
昆明#20240716#C1270	C1270	奔驰	陈涛	sold	昆明	0000074.20	20240716
宁波#20241024#C1271	C1271	五菱	刘伟	sold	宁波	0000010.80	20241024
宁波#20241026#C1272	C1272	五菱	沈颖	sold	宁波	0000007.90	20241026
深圳#20240722#C1273	C1273	丰田	王洋	pending	深圳	0000034.50	20240722
北京#20241019#C1274	C1274	丰田	林军	sold	北京	0000032.90	20241019
郑州#20240809#C1275	C1275	小鹏	赵军	sold	郑州	0000037.20	20240809
天津#20240712#C1276	C1276	蔚来	王宁	sold	天津	0000032.90	20240712
昆明#20240911#C1277	C1277	大众	王颖	pending	昆明	0000026.30	20240911
武汉#20241221#C1278	C1278	蔚来	沈超	sold	武汉	0000048.40	20241221
天津#20240922#C1279	C1279	比亚迪	周敏	pending	天津	0000006.10	20240922
成都#20240808#C1280	C1280	五菱	唐洋	sold	成都	0000008.30	20240808
北京#20241130#C1281	C1281	本田	林宁	sold	北京	0000013.10	20241130
广州#20241110#C1282	C1282	奔驰	赵颖	pending	广州	0000061.80	20241110
宁波#20240920#C1283	C1283	奔驰	郭涛	sold	宁波	0000033.90	20240920
苏州#20240503#C1284	C1284	比亚迪	杨超	sold	苏州	0000017.20	20240503
上海#20240905#C1285	C1285	理想	林杰	sold	上海	0000029.50	20240905
昆明#20240313#C1286	C1286	奔驰	赵敏	sold	昆明	0000073.40	20240313
昆明#20241112#C1287	C1287	五菱	郑伟	pending	昆明	0000011.20	20241112
郑州#20240421#C1288	C1288	奥迪	刘军	sold	郑州	0000067.30	20240421
成都#20240712#C1289	C1289	宝马	郑娜	sold	成都	0000074.50	20240712
天津#20241019#C1290	C1290	宝马	唐杰	pending	天津	0000076.30	20241019
成都#20241215#C1291	C1291	长安	郭宁	sold	成都	0000007.20	20241215
长沙#20240702#C1292	C1292	本田	孙颖	sold	长沙	0000019.00	20240702
宁波#20240706#C1293	C1293	吉利	张静	sold	宁波	0000017.00	20240706
南京#20240515#C1294	C1294	宝马	刘芳	sold	南京	0000033.80	20240515
深圳#20241014#C1295	C1295	奔驰	张宁	sold	深圳	0000092.60	20241014
杭州#20240413#C1296	C1296	奔驰	周静	sold	杭州	0000034.80	20240413
昆明#20241027#C1297	C1297	长安	王颖	sold	昆明	0000016.20	20241027
北京#20241220#C1298	C1298	小鹏	郑伟	sold	北京	0000030.60	20241220
青岛#20240809#C1299	C1299	丰田	郑洋	sold	青岛	0000033.40	20240809
北京#20241009#C1300	C1300	特斯拉	郑芳	pending	北京	0000044.50	20241009
沈阳#20240710#C1301	C1301	奥迪	郭超	pending	沈阳	0000067.20	20240710
青岛#20241016#C1302	C1302	长城	赵伟	sold	青岛	0000011.40	20241016
南京#20240229#C1303	C1303	本田	周杰	sold	南京	0000012.40	20240229
长沙#20241202#C1304	C1304	吉利	周芳	sold	长沙	0000010.40	20241202
宁波#20240503#C1305	C1305	本田	沈洋	sold	宁波	0000015.20	20240503
武汉#20241228#C1306	C1306	吉利	赵鹏	sold	武汉	0000011.80	20241228
西安#20240918#C1307	C1307	奥迪	唐芳	sold	西安	0000030.20	20240918
深圳#20240422#C1308	C1308	特斯拉	杨军	pending	深圳	0000034.80	20240422
北京#20241216#C1309	C1309	长安	孙超	sold	北京	0000017.10	20241216
苏州#20241215#C1310	C1310	大众	沈强	sold	苏州	0000018.80	20241215
南京#20240920#C1311	C1311	长安	周娜	pending	南京	0000008.90	20240920
昆明#20240818#C1312	C1312	吉利	张鹏	sold	昆明	0000010.60	20240818
北京#20240914#C1313	C1313	奔驰	沈洋	pending	北京	0000088.20	20240914
沈阳#20240416#C1314	C1314	吉利	刘娜	sold	沈阳	0000017.40	20240416
杭州#20240209#C1315	C1315	宝马	赵娜	sold	杭州	0000038.30	20240209
郑州#20241117#C1316	C1316	奔驰	孙洋	sold	郑州	0000084.10	20241117
广州#20240405#C1317	C1317	理想	李宁	sold	广州	0000033.60	20240405
武汉#20240831#C1318	C1318	本田	陈杰	sold	武汉	0000026.40	20240831
苏州#20240717#C1319	C1319	奔驰	杨颖	sold	苏州	0000094.00	20240717
杭州#20240116#C1320	C1320	本田	林敏	sold	杭州	0000012.90	20240116
深圳#20241020#C1321	C1321	奥迪	赵军	sold	深圳	0000036.70	20241020
成都#20241206#C1322	C1322	丰田	李洋	sold	成都	0000019.10	20241206
昆明#20241212#C1323	C1323	长安	吴宁	sold	昆明	0000017.60	20241212
杭州#20240903#C1324	C1324	丰田	王敏	pending	杭州	0000024.60	20240903
杭州#20240816#C1325	C1325	五菱	周涛	sold	杭州	0000006.90	20240816
重庆#20240504#C1326	C1326	长安	杨杰	sold	重庆	0000014.40	20240504
苏州#20240727#C1327	C1327	奔驰	王伟	pending	苏州	0000076.90	20240727
宁波#20241106#C1328	C1328	丰田	张静	sold	宁波	0000023.00	20241106
长沙#20240112#C1329	C1329	丰田	吴强	sold	长沙	0000015.60	20240112
重庆#20241027#C1330	C1330	长城	陈洋	pending	重庆	0000020.20	20241027
杭州#20240715#C1331	C1331	本田	刘宁	pending	杭州	0000021.60	20240715
沈阳#20240311#C1332	C1332	五菱	林杰	sold	沈阳	0000011.00	20240311
长沙#20241004#C1333	C1333	大众	杨伟	sold	长沙	0000016.00	20241004
郑州#20241202#C1334	C1334	理想	张丽	sold	郑州	0000029.80	20241202
广州#20240616#C1335	C1335	理想	杨宁	sold	广州	0000034.00	20240616
长沙#20240511#C1336	C1336	长城	赵芳	sold	长沙	0000011.40	20240511
成都#20240202#C1337	C1337	蔚来	郭娜	sold	成都	0000032.40	20240202
沈阳#20241213#C1338	C1338	奥迪	唐强	sold	沈阳	0000039.70	20241213
苏州#20240421#C1339	C1339	大众	唐宁	sold	苏州	0000013.60	20240421
苏州#20240423#C1340	C1340	丰田	陈洋	sold	苏州	0000028.70	20240423
成都#20240711#C1341	C1341	本田	李静	sold	成都	0000018.20	20240711
北京#20240618#C1342	C1342	长城	沈静	sold	北京	0000024.30	20240618
青岛#20240417#C1343	C1343	大众	周鹏	pending	青岛	0000018.50	20240417
昆明#20240414#C1344	C1344	宝马	郑颖	sold	昆明	0000071.00	20240414
武汉#20240106#C1345	C1345	奔驰	杨敏	sold	武汉	0000044.50	20240106
杭州#20240207#C1346	C1346	小鹏	沈涛	pending	杭州	0000027.50	20240207
武汉#20241223#C1347	C1347	本田	唐伟	pending	武汉	0000013.40	20241223
武汉#20241018#C1348	C1348	五菱	沈超	pending	武汉	0000008.70	20241018
南京#20241129#C1349	C1349	本田	刘伟	sold	南京	0000010.60	20241129
宁波#20241104#C1350	C1350	吉利	陈强	sold	宁波	0000019.60	20241104
宁波#20240611#C1351	C1351	吉利	李涛	pending	宁波	0000020.90	20240611
北京#20240714#C1352	C1352	宝马	杨涛	sold	北京	0000077.90	20240714
杭州#20241029#C1353	C1353	本田	林静	sold	杭州	0000022.80	20241029
天津#20241127#C1354	C1354	大众	周洋	sold	天津	0000028.60	20241127
宁波#20241103#C1355	C1355	丰田	王军	sold	宁波	0000018.40	20241103
昆明#20240516#C1356	C1356	小鹏	陈杰	pending	昆明	0000042.40	20240516
北京#20241031#C1357	C1357	理想	周超	sold	北京	0000048.30	20241031
郑州#20240309#C1358	C1358	大众	孙杰	sold	郑州	0000014.80	20240309
天津#20240213#C1359	C1359	本田	张超	pending	天津	0000022.30	20240213
青岛#20240818#C1360	C1360	丰田	张娜	sold	青岛	0000033.40	20240818
西安#20240706#C1361	C1361	长城	陈敏	sold	西安	0000020.10	20240706
杭州#20240811#C1362	C1362	长安	郑敏	sold	杭州	0000013.40	20240811
南京#20240201#C1363	C1363	丰田	陈涛	pending	南京	0000016.70	20240201
沈阳#20241118#C1364	C1364	丰田	陈敏	sold	沈阳	0000030.40	20241118
杭州#20241228#C1365	C1365	特斯拉	李芳	sold	杭州	0000042.70	20241228
长沙#20240719#C1366	C1366	特斯拉	孙敏	pending	长沙	0000044.50	20240719
苏州#20241104#C1367	C1367	吉利	李杰	sold	苏州	0000013.70	20241104
宁波#20241129#C1368	C1368	特斯拉	郭鹏	pending	宁波	0000042.40	20241129
北京#20240826#C1369	C1369	吉利	张宁	sold	北京	0000015.10	20240826
长沙#20240819#C1370	C1370	理想	张鹏	pending	长沙	0000035.50	20240819
昆明#20240805#C1371	C1371	特斯拉	郑杰	sold	昆明	0000036.80	20240805
深圳#20240722#C1372	C1372	蔚来	吴洋	sold	深圳	0000038.40	20240722
深圳#20240209#C1373	C1373	奔驰	沈强	sold	深圳	0000085.10	20240209
沈阳#20240722#C1374	C1374	奔驰	刘杰	pending	沈阳	0000091.70	20240722
沈阳#20240127#C1375	C1375	蔚来	林鹏	pending	沈阳	0000064.50	20240127
郑州#20240823#C1376	C1376	长城	王洋	pending	郑州	0000019.90	20240823
郑州#20240228#C1377	C1377	宝马	沈鹏	sold	郑州	0000030.80	20240228
成都#20240730#C1378	C1378	特斯拉	郑娜	sold	成都	0000036.60	20240730
杭州#20240720#C1379	C1379	奔驰	王丽	pending	杭州	0000107.60	20240720
昆明#20241031#C1380	C1380	理想	周超	pending	昆明	0000040.90	20241031
广州#20240618#C1381	C1381	宝马	郑丽	sold	广州	0000043.10	20240618
杭州#20240417#C1382	C1382	比亚迪	王娜	pending	杭州	0000006.20	20240417
广州#20241209#C1383	C1383	比亚迪	李丽	sold	广州	0000020.90	20241209
苏州#20241212#C1384	C1384	丰田	杨鹏	sold	苏州	0000034.20	20241212
青岛#20241102#C1385	C1385	丰田	陈超	pending	青岛	0000018.50	20241102
南京#20240808#C1386	C1386	理想	周涛	sold	南京	0000038.80	20240808
深圳#20240322#C1387	C1387	小鹏	王芳	sold	深圳	0000034.10	20240322
青岛#20241114#C1388	C1388	吉利	林敏	pending	青岛	0000016.50	20241114
苏州#20241130#C1389	C1389	奥迪	吴杰	pending	苏州	0000034.40	20241130
青岛#20240826#C1390	C1390	丰田	杨伟	pending	青岛	0000023.90	20240826
上海#20240529#C1391	C1391	长安	李超	sold	上海	0000011.70	20240529
成都#20240113#C1392	C1392	长安	郑敏	sold	成都	0000010.60	20240113
南京#20240411#C1393	C1393	宝马	林军	sold	南京	0000053.80	20240411
西安#20240414#C1394	C1394	宝马	陈军	pending	西安	0000083.20	20240414
西安#20240411#C1395	C1395	小鹏	陈静	sold	西安	0000032.70	20240411
苏州#20240219#C1396	C1396	长安	林颖	pending	苏州	0000015.10	20240219
杭州#20240317#C1397	C1397	本田	吴静	sold	杭州	0000014.20	20240317
昆明#20241230#C1398	C1398	本田	李军	pending	昆明	0000019.00	20241230
沈阳#20240912#C1399	C1399	奔驰	张敏	sold	沈阳	0000072.20	20240912
昆明#20241011#C1400	C1400	特斯拉	吴敏	sold	昆明	0000040.00	20241011
长沙#20240704#C1401	C1401	大众	张超	pending	长沙	0000025.50	20240704
长沙#20240918#C1402	C1402	丰田	王军	sold	长沙	0000018.60	20240918
上海#20240326#C1403	C1403	长城	李颖	sold	上海	0000020.40	20240326
天津#20240715#C1404	C1404	长城	沈伟	sold	天津	0000016.80	20240715
昆明#20240809#C1405	C1405	大众	刘丽	sold	昆明	0000025.80	20240809
广州#20240730#C1406	C1406	比亚迪	郭强	sold	广州	0000012.60	20240730
郑州#20240210#C1407	C1407	奥迪	赵超	sold	郑州	0000062.30	20240210
宁波#20241023#C1408	C1408	奔驰	孙鹏	pending	宁波	0000049.40	20241023
武汉#20240513#C1409	C1409	特斯拉	刘敏	sold	武汉	0000033.20	20240513
杭州#20240425#C1410	C1410	长安	陈芳	sold	杭州	0000007.70	20240425
重庆#20241107#C1411	C1411	吉利	赵静	sold	重庆	0000013.00	20241107
北京#20240701#C1412	C1412	大众	周宁	sold	北京	0000017.50	20240701
深圳#20241115#C1413	C1413	蔚来	周涛	pending	深圳	0000041.40	20241115
北京#20241128#C1414	C1414	吉利	沈丽	sold	北京	0000016.80	20241128
杭州#20240112#C1415	C1415	丰田	刘宁	pending	杭州	0000035.90	20240112
重庆#20240529#C1416	C1416	宝马	孙涛	sold	重庆	0000028.50	20240529
郑州#20241020#C1417	C1417	理想	杨芳	sold	郑州	0000036.00	20241020
重庆#20240821#C1418	C1418	五菱	刘丽	sold	重庆	0000007.70	20240821
重庆#20241020#C1419	C1419	理想	唐宁	sold	重庆	0000029.20	20241020
宁波#20240913#C1420	C1420	吉利	杨颖	sold	宁波	0000010.30	20240913
广州#20240125#C1421	C1421	长安	杨强	sold	广州	0000015.90	20240125
南京#20241112#C1422	C1422	吉利	赵超	sold	南京	0000013.50	20241112
北京#20240525#C1423	C1423	丰田	杨娜	sold	北京	0000012.30	20240525
天津#20241022#C1424	C1424	长城	陈敏	pending	天津	0000013.00	20241022
青岛#20240412#C1425	C1425	丰田	周强	sold	青岛	0000032.70	20240412
郑州#20240202#C1426	C1426	奔驰	杨强	sold	郑州	0000058.50	20240202
郑州#20240628#C1427	C1427	理想	郭芳	sold	郑州	0000029.00	20240628
重庆#20241212#C1428	C1428	本田	林鹏	sold	重庆	0000026.60	20241212
成都#20241205#C1429	C1429	小鹏	郑娜	pending	成都	0000030.30	20241205
成都#20240829#C1430	C1430	吉利	郭洋	pending	成都	0000019.10	20240829
武汉#20241116#C1431	C1431	长城	郭伟	sold	武汉	0000011.50	20241116
上海#20240310#C1432	C1432	特斯拉	张涛	sold	上海	0000037.60	20240310
北京#20241119#C1433	C1433	蔚来	林超	sold	北京	0000051.00	20241119
郑州#20240217#C1434	C1434	五菱	陈鹏	sold	郑州	0000011.50	20240217
苏州#20240324#C1435	C1435	大众	刘涛	sold	苏州	0000016.10	20240324
深圳#20240628#C1436	C1436	宝马	李敏	sold	深圳	0000049.10	20240628
杭州#20240920#C1437	C1437	比亚迪	唐静	sold	杭州	0000017.20	20240920
重庆#20240707#C1438	C1438	本田	孙鹏	sold	重庆	0000013.90	20240707
宁波#20241109#C1439	C1439	吉利	赵杰	sold	宁波	0000012.60	20241109
杭州#20241218#C1440	C1440	小鹏	唐娜	sold	杭州	0000019.10	20241218
沈阳#20240930#C1441	C1441	理想	林芳	pending	沈阳	0000041.00	20240930
深圳#20241006#C1442	C1442	五菱	吴超	pending	深圳	0000004.20	20241006
武汉#20240415#C1443	C1443	蔚来	张洋	pending	武汉	0000039.90	20240415
西安#20240313#C1444	C1444	长城	唐静	sold	西安	0000025.00	20240313
广州#20240225#C1445	C1445	比亚迪	王敏	pending	广州	0000025.20	20240225
宁波#20240502#C1446	C1446	长安	周洋	pending	宁波	0000011.70	20240502
南京#20240401#C1447	C1447	长城	沈涛	sold	南京	0000022.80	20240401
郑州#20240716#C1448	C1448	长安	郭超	pending	郑州	0000013.00	20240716
成都#20241221#C1449	C1449	宝马	赵静	sold	成都	0000028.00	20241221
宁波#20240313#C1450	C1450	长安	吴涛	sold	宁波	0000014.90	20240313
杭州#20240428#C1451	C1451	宝马	郭洋	sold	杭州	0000072.80	20240428
西安#20240315#C1452	C1452	长城	吴涛	sold	西安	0000023.00	20240315
成都#20240705#C1453	C1453	比亚迪	唐静	pending	成都	0000006.40	20240705
宁波#20240915#C1454	C1454	奥迪	沈静	pending	宁波	0000066.80	20240915
沈阳#20241202#C1455	C1455	吉利	赵超	sold	沈阳	0000010.20	20241202
成都#20241210#C1456	C1456	吉利	林芳	sold	成都	0000010.60	20241210
天津#20240913#C1457	C1457	理想	王娜	pending	天津	0000040.40	20240913
宁波#20240829#C1458	C1458	小鹏	孙伟	sold	宁波	0000022.70	20240829
青岛#20240420#C1459	C1459	奔驰	唐丽	sold	青岛	0000058.00	20240420
重庆#20240728#C1460	C1460	本田	吴颖	sold	重庆	0000016.60	20240728
杭州#20240417#C1461	C1461	特斯拉	杨涛	sold	杭州	0000039.50	20240417
西安#20240930#C1462	C1462	吉利	王芳	sold	西安	0000014.60	20240930
沈阳#20240915#C1463	C1463	小鹏	张敏	sold	沈阳	0000024.80	20240915
天津#20240122#C1464	C1464	奥迪	陈敏	pending	天津	0000043.90	20240122
青岛#20240929#C1465	C1465	蔚来	孙涛	sold	青岛	0000046.80	20240929
苏州#20241014#C1466	C1466	大众	杨娜	sold	苏州	0000020.30	20241014
天津#20241104#C1467	C1467	丰田	杨鹏	pending	天津	0000041.10	20241104
北京#20240427#C1468	C1468	本田	孙杰	sold	北京	0000015.00	20240427
西安#20240225#C1469	C1469	蔚来	周涛	sold	西安	0000043.80	20240225
青岛#20241114#C1470	C1470	理想	林敏	sold	青岛	0000038.40	20241114
上海#20240513#C1471	C1471	特斯拉	郭鹏	sold	上海	0000027.30	20240513
武汉#20240512#C1472	C1472	五菱	刘丽	sold	武汉	0000010.70	20240512
重庆#20240520#C1473	C1473	小鹏	郑颖	sold	重庆	0000022.30	20240520
青岛#20241230#C1474	C1474	理想	陈宁	sold	青岛	0000034.60	20241230
重庆#20240801#C1475	C1475	蔚来	杨鹏	sold	重庆	0000046.40	20240801
长沙#20241212#C1476	C1476	大众	杨宁	sold	长沙	0000015.60	20241212
宁波#20240626#C1477	C1477	大众	郑军	pending	宁波	0000015.30	20240626
深圳#20240909#C1478	C1478	理想	孙涛	sold	深圳	0000033.80	20240909
长沙#20240210#C1479	C1479	五菱	郑伟	sold	长沙	0000005.00	20240210
南京#20241112#C1480	C1480	特斯拉	孙杰	sold	南京	0000035.40	20241112
北京#20240112#C1481	C1481	宝马	李军	pending	北京	0000068.80	20240112
重庆#20240826#C1482	C1482	小鹏	唐芳	sold	重庆	0000032.80	20240826
青岛#20241125#C1483	C1483	理想	吴娜	pending	青岛	0000034.80	20241125
天津#20240830#C1484	C1484	五菱	张杰	sold	天津	0000009.40	20240830
天津#20240602#C1485	C1485	长安	郭伟	sold	天津	0000012.50	20240602
南京#20240818#C1486	C1486	比亚迪	张洋	pending	南京	0000011.90	20240818
长沙#20240421#C1487	C1487	本田	沈颖	sold	长沙	0000016.30	20240421
昆明#20240917#C1488	C1488	丰田	李杰	pending	昆明	0000014.70	20240917
武汉#20240728#C1489	C1489	奥迪	郑芳	sold	武汉	0000047.60	20240728
武汉#20240305#C1490	C1490	大众	刘丽	pending	武汉	0000032.70	20240305
昆明#20240105#C1491	C1491	小鹏	郭芳	sold	昆明	0000031.50	20240105
广州#20240326#C1492	C1492	丰田	王丽	sold	广州	0000013.70	20240326
郑州#20240915#C1493	C1493	本田	郑强	sold	郑州	0000024.60	20240915
北京#20240712#C1494	C1494	吉利	孙芳	sold	北京	0000009.80	20240712
西安#20241128#C1495	C1495	长城	陈鹏	sold	西安	0000023.80	20241128
天津#20240525#C1496	C1496	大众	张宁	pending	天津	0000018.10	20240525
广州#20241001#C1497	C1497	长城	郑静	sold	广州	0000016.20	20241001
昆明#20240828#C1498	C1498	五菱	李敏	pending	昆明	0000011.80	20240828
重庆#20241229#C1499	C1499	长城	陈敏	sold	重庆	0000012.00	20241229
天津#20241206#C1500	C1500	本田	林芳	pending	天津	0000025.30	20241206
西安#20241220#C1501	C1501	本田	陈强	sold	西安	0000016.60	20241220
杭州#20240311#C1502	C1502	比亚迪	李娜	sold	杭州	0000028.70	20240311
杭州#20240317#C1503	C1503	奥迪	王娜	sold	杭州	0000030.40	20240317
重庆#20240413#C1504	C1504	五菱	杨芳	sold	重庆	0000008.30	20240413
长沙#20241214#C1505	C1505	本田	陈鹏	sold	长沙	0000018.10	20241214
昆明#20240629#C1506	C1506	特斯拉	王颖	pending	昆明	0000038.10	20240629
天津#20240719#C1507	C1507	大众	沈颖	sold	天津	0000016.60	20240719
郑州#20240811#C1508	C1508	长安	王丽	sold	郑州	0000009.20	20240811
杭州#20241212#C1509	C1509	特斯拉	林静	pending	杭州	0000049.70	20241212
郑州#20240802#C1510	C1510	本田	郑超	pending	郑州	0000029.90	20240802
杭州#20241213#C1511	C1511	特斯拉	赵杰	sold	杭州	0000044.30	20241213
长沙#20241020#C1512	C1512	奔驰	陈军	sold	长沙	0000078.70	20241020
深圳#20241229#C1513	C1513	长城	周芳	pending	深圳	0000015.00	20241229
沈阳#20240615#C1514	C1514	长城	陈鹏	pending	沈阳	0000023.70	20240615
成都#20241029#C1515	C1515	大众	刘宁	sold	成都	0000016.30	20241029
沈阳#20241125#C1516	C1516	奔驰	陈涛	sold	沈阳	0000065.10	20241125
郑州#20241110#C1517	C1517	奔驰	孙娜	pending	郑州	0000099.40	20241110
苏州#20240904#C1518	C1518	大众	沈鹏	pending	苏州	0000022.00	20240904
北京#20241213#C1519	C1519	奥迪	张鹏	sold	北京	0000058.40	20241213
北京#20240727#C1520	C1520	奥迪	李军	pending	北京	0000073.60	20240727
成都#20240807#C1521	C1521	小鹏	李军	sold	成都	0000021.70	20240807
沈阳#20241105#C1522	C1522	长城	郭杰	pending	沈阳	0000018.00	20241105
重庆#20240224#C1523	C1523	丰田	陈强	sold	重庆	0000021.10	20240224
长沙#20240504#C1524	C1524	长城	刘杰	sold	长沙	0000015.00	20240504
郑州#20240226#C1525	C1525	奔驰	赵军	pending	郑州	0000059.40	20240226
沈阳#20240913#C1526	C1526	长安	杨静	sold	沈阳	0000012.90	20240913
武汉#20240715#C1527	C1527	蔚来	郭涛	pending	武汉	0000043.60	20240715
成都#20240515#C1528	C1528	奔驰	杨芳	pending	成都	0000078.20	20240515
青岛#20240804#C1529	C1529	大众	吴伟	sold	青岛	0000028.10	20240804
南京#20240210#C1530	C1530	丰田	孙涛	sold	南京	0000026.90	20240210
宁波#20240131#C1531	C1531	长安	唐鹏	pending	宁波	0000017.10	20240131
深圳#20240628#C1532	C1532	比亚迪	周丽	pending	深圳	0000007.20	20240628
宁波#20240718#C1533	C1533	长安	郭娜	pending	宁波	0000019.30	20240718
青岛#20241120#C1534	C1534	理想	孙鹏	sold	青岛	0000046.40	20241120
北京#20241111#C1535	C1535	奔驰	陈伟	sold	北京	0000098.10	20241111
成都#20240613#C1536	C1536	奥迪	孙涛	sold	成都	0000044.40	20240613
成都#20240209#C1537	C1537	比亚迪	杨鹏	sold	成都	0000024.90	20240209
深圳#20241023#C1538	C1538	蔚来	郭伟	pending	深圳	0000054.60	20241023
青岛#20240906#C1539	C1539	本田	陈娜	sold	青岛	0000023.00	20240906
宁波#20241127#C1540	C1540	小鹏	赵涛	sold	宁波	0000039.30	20241127
长沙#20241019#C1541	C1541	吉利	林鹏	sold	长沙	0000015.70	20241019
青岛#20240823#C1542	C1542	蔚来	郑丽	sold	青岛	0000033.30	20240823
南京#20240120#C1543	C1543	蔚来	唐涛	sold	南京	0000049.80	20240120
武汉#20240831#C1544	C1544	本田	周强	sold	武汉	0000021.70	20240831
天津#20241222#C1545	C1545	奔驰	林涛	sold	天津	0000098.40	20241222
青岛#20241028#C1546	C1546	长安	张伟	sold	青岛	0000017.70	20241028
郑州#20241006#C1547	C1547	小鹏	林颖	sold	郑州	0000023.50	20241006
长沙#20240212#C1548	C1548	五菱	王娜	sold	长沙	0000006.40	20240212
深圳#20240122#C1549	C1549	特斯拉	张丽	sold	深圳	0000035.90	20240122
上海#20240612#C1550	C1550	长安	郑鹏	sold	上海	0000017.50	20240612
上海#20240701#C1551	C1551	小鹏	周芳	pending	上海	0000026.40	20240701
苏州#20240517#C1552	C1552	长城	李杰	sold	苏州	0000013.10	20240517
宁波#20241214#C1553	C1553	比亚迪	吴娜	sold	宁波	0000017.60	20241214
天津#20240803#C1554	C1554	比亚迪	赵强	sold	天津	0000009.30	20240803
天津#20240516#C1555	C1555	理想	林芳	sold	天津	0000047.60	20240516
深圳#20240630#C1556	C1556	大众	孙涛	pending	深圳	0000012.90	20240630
青岛#20241125#C1557	C1557	吉利	李敏	sold	青岛	0000011.60	20241125
深圳#20241226#C1558	C1558	比亚迪	杨敏	sold	深圳	0000007.80	20241226
成都#20241214#C1559	C1559	奔驰	吴强	sold	成都	0000030.80	20241214
长沙#20240915#C1560	C1560	小鹏	周敏	sold	长沙	0000033.60	20240915
宁波#20240224#C1561	C1561	丰田	张洋	sold	宁波	0000030.50	20240224
重庆#20241214#C1562	C1562	宝马	刘杰	pending	重庆	0000084.50	20241214
宁波#20240320#C1563	C1563	特斯拉	周鹏	sold	宁波	0000025.40	20240320
上海#20240512#C1564	C1564	长安	沈军	pending	上海	0000013.20	20240512
沈阳#20241115#C1565	C1565	长安	郑涛	pending	沈阳	0000012.00	20241115
西安#20240711#C1566	C1566	吉利	刘强	sold	西安	0000011.00	20240711
沈阳#20241026#C1567	C1567	小鹏	孙伟	sold	沈阳	0000021.70	20241026
成都#20241228#C1568	C1568	长安	唐芳	sold	成都	0000014.20	20241228
深圳#20240505#C1569	C1569	蔚来	郭军	sold	深圳	0000035.20	20240505
杭州#20240709#C1570	C1570	本田	赵军	sold	杭州	0000020.10	20240709
长沙#20240615#C1571	C1571	本田	孙娜	sold	长沙	0000012.70	20240615
深圳#20240401#C1572	C1572	丰田	林伟	sold	深圳	0000026.90	20240401
杭州#20240124#C1573	C1573	大众	沈鹏	pending	杭州	0000024.40	20240124
苏州#20241027#C1574	C1574	五菱	郑宁	sold	苏州	0000003.40	20241027
昆明#20240728#C1575	C1575	小鹏	李杰	pending	昆明	0000027.60	20240728
深圳#20240829#C1576	C1576	五菱	林军	sold	深圳	0000007.80	20240829
青岛#20240802#C1577	C1577	大众	杨杰	pending	青岛	0000014.40	20240802
郑州#20241027#C1578	C1578	五菱	刘敏	sold	郑州	0000008.60	20241027
武汉#20241225#C1579	C1579	小鹏	林军	sold	武汉	0000021.00	20241225
南京#20241103#C1580	C1580	五菱	唐丽	sold	南京	0000007.20	20241103
长沙#20240112#C1581	C1581	宝马	周颖	pending	长沙	0000083.60	20240112
上海#20240712#C1582	C1582	长安	王静	pending	上海	0000013.50	20240712
青岛#20240824#C1583	C1583	长城	孙涛	sold	青岛	0000014.20	20240824
郑州#20241214#C1584	C1584	奥迪	孙军	sold	郑州	0000060.60	20241214
长沙#20240727#C1585	C1585	本田	张军	sold	长沙	0000019.50	20240727
南京#20240809#C1586	C1586	理想	唐静	sold	南京	0000030.00	20240809
杭州#20241215#C1587	C1587	小鹏	沈伟	sold	杭州	0000034.20	20241215
西安#20241024#C1588	C1588	本田	孙敏	sold	西安	0000020.90	20241024
昆明#20241122#C1589	C1589	丰田	杨洋	sold	昆明	0000034.10	20241122
天津#20240122#C1590	C1590	长安	王娜	pending	天津	0000011.50	20240122
广州#20240711#C1591	C1591	五菱	陈静	sold	广州	0000012.00	20240711
苏州#20240702#C1592	C1592	特斯拉	陈敏	sold	苏州	0000037.70	20240702
青岛#20240921#C1593	C1593	五菱	陈宁	sold	青岛	0000003.50	20240921
青岛#20241009#C1594	C1594	小鹏	林宁	pending	青岛	0000022.90	20241009
昆明#20240303#C1595	C1595	长城	吴静	sold	昆明	0000012.00	20240303
青岛#20240413#C1596	C1596	奥迪	郑鹏	pending	青岛	0000075.60	20240413
长沙#20240701#C1597	C1597	奔驰	杨超	pending	长沙	0000074.90	20240701
重庆#20241028#C1598	C1598	奔驰	李芳	sold	重庆	0000045.00	20241028
郑州#20241031#C1599	C1599	长安	周超	pending	郑州	0000018.50	20241031
成都#20240104#C1600	C1600	奥迪	陈丽	pending	成都	0000042.00	20240104
上海#20241111#C1601	C1601	比亚迪	吴鹏	pending	上海	0000013.50	20241111
长沙#20240629#C1602	C1602	吉利	郭静	pending	长沙	0000010.40	20240629
武汉#20240415#C1603	C1603	长安	周丽	pending	武汉	0000019.20	20240415
昆明#20240626#C1604	C1604	长城	陈洋	pending	昆明	0000015.40	20240626
宁波#20241222#C1605	C1605	宝马	李宁	sold	宁波	0000068.70	20241222
天津#20240816#C1606	C1606	五菱	刘涛	sold	天津	0000004.70	20240816
上海#20240328#C1607	C1607	蔚来	吴敏	sold	上海	0000049.10	20240328
昆明#20241120#C1608	C1608	大众	陈静	sold	昆明	0000028.40	20241120
重庆#20241103#C1609	C1609	奔驰	唐敏	sold	重庆	0000040.30	20241103
青岛#20241118#C1610	C1610	本田	王宁	pending	青岛	0000030.60	20241118
武汉#20240315#C1611	C1611	理想	张静	sold	武汉	0000041.20	20240315
北京#20240922#C1612	C1612	小鹏	吴丽	sold	北京	0000016.80	20240922
深圳#20240920#C1613	C1613	奔驰	唐伟	sold	深圳	0000078.60	20240920
武汉#20241218#C1614	C1614	宝马	沈伟	sold	武汉	0000067.80	20241218
成都#20240719#C1615	C1615	比亚迪	吴颖	sold	成都	0000015.80	20240719
杭州#20241207#C1616	C1616	小鹏	孙涛	sold	杭州	0000033.70	20241207
武汉#20241004#C1617	C1617	宝马	张宁	pending	武汉	0000029.00	20241004
深圳#20240606#C1618	C1618	比亚迪	郭敏	sold	深圳	0000021.10	20240606
昆明#20240519#C1619	C1619	吉利	林涛	sold	昆明	0000016.20	20240519
长沙#20241111#C1620	C1620	吉利	李芳	pending	长沙	0000010.10	20241111
天津#20241016#C1621	C1621	宝马	孙伟	sold	天津	0000067.90	20241016
武汉#20240510#C1622	C1622	丰田	唐鹏	sold	武汉	0000034.20	20240510
宁波#20240926#C1623	C1623	奔驰	唐颖	sold	宁波	0000048.10	20240926
广州#20240207#C1624	C1624	理想	周涛	sold	广州	0000040.30	20240207
西安#20241019#C1625	C1625	比亚迪	周伟	sold	西安	0000018.50	20241019
上海#20240222#C1626	C1626	特斯拉	吴颖	pending	上海	0000037.60	20240222
深圳#20240514#C1627	C1627	奔驰	李静	sold	深圳	0000041.60	20240514
沈阳#20240829#C1628	C1628	奥迪	郭敏	sold	沈阳	0000067.90	20240829
南京#20241128#C1629	C1629	奥迪	赵伟	sold	南京	0000031.30	20241128
郑州#20240712#C1630	C1630	吉利	周鹏	sold	郑州	0000018.60	20240712
天津#20240311#C1631	C1631	长城	赵丽	sold	天津	0000021.80	20240311
成都#20240704#C1632	C1632	丰田	郑涛	sold	成都	0000013.00	20240704
杭州#20241004#C1633	C1633	大众	刘宁	sold	杭州	0000014.10	20241004
天津#20240308#C1634	C1634	特斯拉	周敏	sold	天津	0000039.00	20240308
深圳#20240701#C1635	C1635	理想	王超	pending	深圳	0000041.40	20240701
宁波#20241129#C1636	C1636	宝马	孙敏	sold	宁波	0000041.30	20241129
北京#20240828#C1637	C1637	五菱	杨静	sold	北京	0000010.20	20240828
郑州#20241009#C1638	C1638	奥迪	唐敏	sold	郑州	0000068.20	20241009
武汉#20240914#C1639	C1639	比亚迪	刘伟	pending	武汉	0000006.80	20240914
天津#20241028#C1640	C1640	丰田	孙娜	pending	天津	0000025.20	20241028
杭州#20240713#C1641	C1641	奔驰	刘丽	sold	杭州	0000040.20	20240713
西安#20241216#C1642	C1642	蔚来	郭鹏	sold	西安	0000040.10	20241216
广州#20240105#C1643	C1643	宝马	陈颖	sold	广州	0000039.60	20240105
北京#20241119#C1644	C1644	大众	王丽	sold	北京	0000023.80	20241119
成都#20241020#C1645	C1645	宝马	杨宁	pending	成都	0000082.60	20241020
南京#20241214#C1646	C1646	小鹏	林洋	sold	南京	0000024.00	20241214
长沙#20240519#C1647	C1647	奥迪	赵洋	sold	长沙	0000034.00	20240519
沈阳#20240209#C1648	C1648	长安	孙颖	pending	沈阳	0000019.90	20240209
武汉#20240721#C1649	C1649	奥迪	郑军	pending	武汉	0000050.60	20240721
上海#20240303#C1650	C1650	蔚来	郭敏	pending	上海	0000044.90	20240303
北京#20240215#C1651	C1651	丰田	唐芳	sold	北京	0000034.20	20240215
南京#20240227#C1652	C1652	奔驰	孙颖	sold	南京	0000037.10	20240227
长沙#20240217#C1653	C1653	比亚迪	张敏	sold	长沙	0000021.60	20240217
青岛#20241016#C1654	C1654	蔚来	唐强	sold	青岛	0000048.60	20241016
天津#20240726#C1655	C1655	丰田	刘鹏	sold	天津	0000023.40	20240726
深圳#20240813#C1656	C1656	蔚来	赵军	pending	深圳	0000035.20	20240813
郑州#20240416#C1657	C1657	五菱	孙静	pending	郑州	0000007.80	20240416
杭州#20241204#C1658	C1658	大众	陈洋	sold	杭州	0000023.80	20241204
沈阳#20240502#C1659	C1659	吉利	李杰	sold	沈阳	0000012.40	20240502
成都#20241007#C1660	C1660	比亚迪	李洋	sold	成都	0000009.70	20241007
长沙#20241116#C1661	C1661	小鹏	刘颖	sold	长沙	0000027.50	20241116
杭州#20240407#C1662	C1662	长安	王宁	sold	杭州	0000015.70	20240407
苏州#20240121#C1663	C1663	大众	郭洋	sold	苏州	0000023.00	20240121
苏州#20240810#C1664	C1664	小鹏	陈超	sold	苏州	0000026.50	20240810
南京#20240930#C1665	C1665	理想	刘杰	sold	南京	0000038.50	20240930
上海#20240219#C1666	C1666	大众	林洋	sold	上海	0000021.90	20240219
昆明#20241003#C1667	C1667	本田	陈涛	sold	昆明	0000025.30	20241003
杭州#20240730#C1668	C1668	大众	陈超	sold	杭州	0000012.80	20240730
青岛#20240225#C1669	C1669	长安	陈静	pending	青岛	0000020.20	20240225
苏州#20240415#C1670	C1670	长城	郑静	pending	苏州	0000010.80	20240415
成都#20241003#C1671	C1671	五菱	林宁	sold	成都	0000006.40	20241003
长沙#20240916#C1672	C1672	五菱	张涛	sold	长沙	0000011.30	20240916
广州#20240127#C1673	C1673	比亚迪	吴颖	pending	广州	0000031.40	20240127
天津#20240704#C1674	C1674	比亚迪	吴杰	sold	天津	0000029.60	20240704
天津#20240114#C1675	C1675	理想	唐涛	sold	天津	0000045.20	20240114
深圳#20240713#C1676	C1676	本田	周静	pending	深圳	0000014.00	20240713
上海#20240727#C1677	C1677	大众	杨宁	pending	上海	0000017.40	20240727
昆明#20240727#C1678	C1678	本田	孙颖	sold	昆明	0000023.70	20240727
苏州#20240808#C1679	C1679	比亚迪	陈敏	sold	苏州	0000025.30	20240808
沈阳#20240326#C1680	C1680	大众	刘鹏	sold	沈阳	0000013.80	20240326
成都#20240203#C1681	C1681	蔚来	沈敏	sold	成都	0000048.40	20240203
长沙#20240723#C1682	C1682	长城	周军	sold	长沙	0000018.90	20240723
西安#20241028#C1683	C1683	吉利	刘宁	sold	西安	0000019.30	20241028
重庆#20240612#C1684	C1684	奥迪	林芳	sold	重庆	0000054.00	20240612
杭州#20240728#C1685	C1685	蔚来	李杰	pending	杭州	0000037.90	20240728
南京#20240131#C1686	C1686	五菱	王杰	sold	南京	0000011.90	20240131
南京#20240730#C1687	C1687	大众	孙丽	sold	南京	0000029.40	20240730
青岛#20240227#C1688	C1688	大众	李伟	pending	青岛	0000027.30	20240227
重庆#20240129#C1689	C1689	大众	李娜	pending	重庆	0000010.90	20240129
深圳#20240124#C1690	C1690	宝马	吴洋	pending	深圳	0000036.50	20240124
沈阳#20240309#C1691	C1691	特斯拉	吴强	sold	沈阳	0000034.90	20240309
杭州#20241214#C1692	C1692	长城	李伟	sold	杭州	0000013.90	20241214
苏州#20240818#C1693	C1693	长安	刘鹏	pending	苏州	0000009.30	20240818
北京#20241129#C1694	C1694	特斯拉	郭杰	sold	北京	0000037.80	20241129
武汉#20240215#C1695	C1695	大众	杨强	pending	武汉	0000024.30	20240215
重庆#20241118#C1696	C1696	长城	吴涛	sold	重庆	0000018.60	20241118
青岛#20240912#C1697	C1697	奔驰	王涛	sold	青岛	0000065.00	20240912
杭州#20240806#C1698	C1698	丰田	孙超	sold	杭州	0000033.80	20240806
杭州#20241027#C1699	C1699	奥迪	孙杰	sold	杭州	0000036.10	20241027
苏州#20240418#C1700	C1700	长城	李娜	pending	苏州	0000022.90	20240418
成都#20241120#C1701	C1701	比亚迪	郭超	sold	成都	0000028.60	20241120
重庆#20240525#C1702	C1702	小鹏	吴娜	sold	重庆	0000029.80	20240525
深圳#20240316#C1703	C1703	比亚迪	陈娜	pending	深圳	0000025.50	20240316
宁波#20240318#C1704	C1704	长安	杨丽	sold	宁波	0000017.10	20240318
长沙#20240903#C1705	C1705	本田	林丽	sold	长沙	0000025.70	20240903
重庆#20241123#C1706	C1706	宝马	林洋	pending	重庆	0000053.40	20241123
长沙#20241029#C1707	C1707	奥迪	吴敏	pending	长沙	0000033.00	20241029
北京#20241025#C1708	C1708	本田	吴洋	sold	北京	0000020.10	20241025
沈阳#20241119#C1709	C1709	奔驰	吴芳	sold	沈阳	0000066.60	20241119
天津#20240524#C1710	C1710	本田	李强	sold	天津	0000011.80	20240524
长沙#20240902#C1711	C1711	吉利	唐军	sold	长沙	0000008.40	20240902
重庆#20240930#C1712	C1712	大众	郭军	pending	重庆	0000018.50	20240930
重庆#20240623#C1713	C1713	奔驰	杨超	sold	重庆	0000088.60	20240623
武汉#20240915#C1714	C1714	特斯拉	陈强	sold	武汉	0000037.40	20240915
天津#20240818#C1715	C1715	本田	刘颖	sold	天津	0000027.90	20240818
西安#20240212#C1716	C1716	小鹏	陈涛	sold	西安	0000032.80	20240212
青岛#20241013#C1717	C1717	蔚来	张丽	sold	青岛	0000037.30	20241013
杭州#20240105#C1718	C1718	理想	郑宁	sold	杭州	0000035.90	20240105
广州#20240308#C1719	C1719	比亚迪	唐丽	sold	广州	0000019.50	20240308
重庆#20240216#C1720	C1720	丰田	杨杰	sold	重庆	0000030.10	20240216
长沙#20241006#C1721	C1721	长城	杨娜	sold	长沙	0000024.00	20241006
郑州#20240407#C1722	C1722	长安	周军	pending	郑州	0000020.70	20240407
昆明#20240217#C1723	C1723	奔驰	张芳	sold	昆明	0000035.40	20240217
重庆#20240806#C1724	C1724	本田	赵杰	sold	重庆	0000012.00	20240806
青岛#20240618#C1725	C1725	五菱	林芳	sold	青岛	0000009.60	20240618
青岛#20241214#C1726	C1726	理想	沈军	sold	青岛	0000046.80	20241214
北京#20240112#C1727	C1727	奔驰	唐颖	sold	北京	0000058.50	20240112
昆明#20240421#C1728	C1728	五菱	李洋	sold	昆明	0000011.20	20240421
昆明#20240612#C1729	C1729	理想	孙超	sold	昆明	0000031.40	20240612
成都#20240529#C1730	C1730	理想	赵娜	pending	成都	0000048.80	20240529
武汉#20240510#C1731	C1731	五菱	孙鹏	sold	武汉	0000005.10	20240510
北京#20240802#C1732	C1732	吉利	吴洋	sold	北京	0000018.90	20240802
苏州#20240527#C1733	C1733	理想	郑敏	sold	苏州	0000039.70	20240527
杭州#20240914#C1734	C1734	长安	周鹏	pending	杭州	0000011.30	20240914
深圳#20240222#C1735	C1735	宝马	杨宁	sold	深圳	0000074.00	20240222
北京#20241218#C1736	C1736	大众	刘静	sold	北京	0000025.30	20241218
宁波#20240507#C1737	C1737	蔚来	周宁	sold	宁波	0000049.80	20240507
长沙#20240129#C1738	C1738	奔驰	沈敏	pending	长沙	0000076.80	20240129
深圳#20240505#C1739	C1739	奔驰	王杰	pending	深圳	0000067.40	20240505
北京#20241230#C1740	C1740	吉利	唐敏	pending	北京	0000020.70	20241230
成都#20240704#C1741	C1741	小鹏	吴鹏	sold	成都	0000019.70	20240704
武汉#20240913#C1742	C1742	宝马	孙涛	pending	武汉	0000088.40	20240913
上海#20240320#C1743	C1743	本田	孙洋	pending	上海	0000017.40	20240320
长沙#20240618#C1744	C1744	蔚来	唐娜	pending	长沙	0000044.70	20240618
宁波#20240609#C1745	C1745	蔚来	杨涛	sold	宁波	0000030.00	20240609
西安#20241215#C1746	C1746	比亚迪	林超	pending	西安	0000012.70	20241215
深圳#20240629#C1747	C1747	宝马	郑伟	sold	深圳	0000049.80	20240629
重庆#20240531#C1748	C1748	奔驰	唐杰	sold	重庆	0000044.20	20240531
杭州#20241008#C1749	C1749	奔驰	杨超	pending	杭州	0000101.70	20241008
苏州#20240614#C1750	C1750	奥迪	陈宁	sold	苏州	0000035.60	20240614
苏州#20240503#C1751	C1751	理想	陈强	sold	苏州	0000040.00	20240503
深圳#20240925#C1752	C1752	长城	孙超	sold	深圳	0000015.90	20240925
苏州#20241126#C1753	C1753	丰田	陈敏	sold	苏州	0000029.40	20241126
广州#20241016#C1754	C1754	宝马	吴宁	sold	广州	0000050.20	20241016
青岛#20240701#C1755	C1755	特斯拉	陈涛	pending	青岛	0000050.40	20240701
深圳#20241101#C1756	C1756	特斯拉	郑宁	pending	深圳	0000040.60	20241101
上海#20240703#C1757	C1757	宝马	李颖	sold	上海	0000054.80	20240703
郑州#20240810#C1758	C1758	吉利	郑鹏	pending	郑州	0000020.40	20240810
广州#20240919#C1759	C1759	比亚迪	刘杰	sold	广州	0000025.80	20240919
广州#20240824#C1760	C1760	蔚来	杨敏	pending	广州	0000051.30	20240824
宁波#20240304#C1761	C1761	本田	赵杰	pending	宁波	0000015.20	20240304
深圳#20240816#C1762	C1762	奥迪	刘强	pending	深圳	0000031.80	20240816
长沙#20241101#C1763	C1763	宝马	陈洋	pending	长沙	0000038.60	20241101
郑州#20240616#C1764	C1764	本田	刘芳	pending	郑州	0000029.50	20240616
北京#20240818#C1765	C1765	长城	郑敏	sold	北京	0000010.50	20240818
广州#20241023#C1766	C1766	理想	陈强	pending	广州	0000036.30	20241023
成都#20240913#C1767	C1767	蔚来	林颖	sold	成都	0000035.70	20240913
长沙#20240318#C1768	C1768	宝马	唐超	sold	长沙	0000037.10	20240318
昆明#20240704#C1769	C1769	丰田	林宁	pending	昆明	0000025.50	20240704
沈阳#20241020#C1770	C1770	本田	唐超	sold	沈阳	0000022.80	20241020
重庆#20240804#C1771	C1771	本田	赵鹏	sold	重庆	0000022.00	20240804
南京#20240906#C1772	C1772	长城	孙静	sold	南京	0000015.10	20240906
成都#20240611#C1773	C1773	奥迪	唐军	sold	成都	0000061.50	20240611
长沙#20240430#C1774	C1774	丰田	赵敏	pending	长沙	0000015.10	20240430
北京#20240109#C1775	C1775	奥迪	郑颖	sold	北京	0000027.50	20240109
深圳#20240313#C1776	C1776	本田	赵敏	pending	深圳	0000018.30	20240313
上海#20241208#C1777	C1777	理想	郭洋	sold	上海	0000038.50	20241208
宁波#20240324#C1778	C1778	五菱	刘敏	sold	宁波	0000010.80	20240324
郑州#20240716#C1779	C1779	奥迪	陈涛	sold	郑州	0000059.20	20240716
北京#20241116#C1780	C1780	宝马	赵颖	sold	北京	0000063.20	20241116
郑州#20240825#C1781	C1781	蔚来	林娜	sold	郑州	0000031.50	20240825
昆明#20240602#C1782	C1782	蔚来	王静	pending	昆明	0000043.30	20240602
重庆#20240602#C1783	C1783	本田	王芳	sold	重庆	0000025.70	20240602
广州#20240723#C1784	C1784	奥迪	孙洋	sold	广州	0000057.00	20240723
苏州#20240304#C1785	C1785	奔驰	沈娜	pending	苏州	0000034.70	20240304
重庆#20241022#C1786	C1786	宝马	孙涛	sold	重庆	0000033.50	20241022
成都#20240217#C1787	C1787	长安	陈丽	sold	成都	0000014.60	20240217
苏州#20240410#C1788	C1788	蔚来	孙杰	sold	苏州	0000050.20	20240410
上海#20240413#C1789	C1789	比亚迪	李芳	sold	上海	0000011.20	20240413
沈阳#20240531#C1790	C1790	蔚来	刘敏	sold	沈阳	0000040.60	20240531
重庆#20240905#C1791	C1791	蔚来	郑鹏	sold	重庆	0000042.00	20240905
青岛#20240804#C1792	C1792	奥迪	唐颖	sold	青岛	0000058.70	20240804
长沙#20240804#C1793	C1793	吉利	陈军	sold	长沙	0000013.00	20240804
长沙#20240121#C1794	C1794	特斯拉	王娜	sold	长沙	0000042.00	20240121
深圳#20240301#C1795	C1795	丰田	郑芳	sold	深圳	0000013.50	20240301
武汉#20241217#C1796	C1796	蔚来	吴强	pending	武汉	0000041.70	20241217
天津#20241108#C1797	C1797	特斯拉	郑敏	sold	天津	0000028.30	20241108
南京#20240208#C1798	C1798	吉利	王军	sold	南京	0000009.30	20240208
武汉#20240523#C1799	C1799	理想	沈颖	sold	武汉	0000034.90	20240523
成都#20240528#C1800	C1800	丰田	林丽	sold	成都	0000022.60	20240528
天津#20240620#C1801	C1801	本田	周鹏	sold	天津	0000018.60	20240620
深圳#20241018#C1802	C1802	理想	孙芳	sold	深圳	0000035.80	20241018
昆明#20241219#C1803	C1803	小鹏	吴敏	pending	昆明	0000035.60	20241219
长沙#20241005#C1804	C1804	奥迪	周涛	sold	长沙	0000069.40	20241005
西安#20240520#C1805	C1805	本田	孙鹏	pending	西安	0000032.60	20240520
宁波#20240106#C1806	C1806	特斯拉	吴洋	pending	宁波	0000045.90	20240106
杭州#20241023#C1807	C1807	宝马	林杰	sold	杭州	0000032.90	20241023
重庆#20240209#C1808	C1808	宝马	周洋	sold	重庆	0000052.00	20240209
武汉#20241008#C1809	C1809	吉利	周宁	sold	武汉	0000018.40	20241008
北京#20241016#C1810	C1810	奥迪	郭鹏	pending	北京	0000051.40	20241016
沈阳#20240809#C1811	C1811	长安	张静	pending	沈阳	0000017.60	20240809
郑州#20241127#C1812	C1812	长安	周丽	sold	郑州	0000011.40	20241127
南京#20240918#C1813	C1813	本田	赵伟	pending	南京	0000014.10	20240918
宁波#20240916#C1814	C1814	大众	郭丽	sold	宁波	0000013.60	20240916
广州#20240210#C1815	C1815	长安	李超	sold	广州	0000008.40	20240210
北京#20241229#C1816	C1816	理想	李军	pending	北京	0000048.50	20241229
长沙#20240803#C1817	C1817	小鹏	杨洋	sold	长沙	0000039.10	20240803
武汉#20240320#C1818	C1818	吉利	杨丽	sold	武汉	0000010.70	20240320
长沙#20241009#C1819	C1819	吉利	郭静	sold	长沙	0000008.70	20241009
宁波#20240917#C1820	C1820	宝马	王强	sold	宁波	0000058.90	20240917
沈阳#20240905#C1821	C1821	大众	陈洋	pending	沈阳	0000031.60	20240905
北京#20240919#C1822	C1822	奔驰	周洋	sold	北京	0000058.40	20240919
重庆#20240710#C1823	C1823	五菱	杨静	pending	重庆	0000010.70	20240710
长沙#20241008#C1824	C1824	五菱	李鹏	sold	长沙	0000007.40	20241008
苏州#20240618#C1825	C1825	蔚来	吴静	sold	苏州	0000046.90	20240618
广州#20240624#C1826	C1826	五菱	王娜	sold	广州	0000009.40	20240624
苏州#20240913#C1827	C1827	长城	张洋	pending	苏州	0000023.60	20240913
广州#20241029#C1828	C1828	奔驰	陈伟	sold	广州	0000072.00	20241029
深圳#20240515#C1829	C1829	大众	杨芳	sold	深圳	0000017.50	20240515
青岛#20240707#C1830	C1830	宝马	杨杰	sold	青岛	0000045.60	20240707
南京#20241006#C1831	C1831	奥迪	李杰	sold	南京	0000040.60	20241006
武汉#20240421#C1832	C1832	五菱	杨鹏	sold	武汉	0000011.40	20240421
西安#20240701#C1833	C1833	长安	张娜	pending	西安	0000018.50	20240701
苏州#20241004#C1834	C1834	五菱	李洋	sold	苏州	0000004.50	20241004
天津#20240901#C1835	C1835	蔚来	张娜	sold	天津	0000040.70	20240901
武汉#20240523#C1836	C1836	蔚来	唐军	pending	武汉	0000062.80	20240523
昆明#20241209#C1837	C1837	宝马	陈军	sold	昆明	0000031.60	20241209
昆明#20241124#C1838	C1838	吉利	沈静	pending	昆明	0000021.40	20241124
天津#20240901#C1839	C1839	理想	吴敏	sold	天津	0000039.20	20240901
沈阳#20240426#C1840	C1840	五菱	王超	sold	沈阳	0000011.50	20240426
青岛#20240311#C1841	C1841	理想	刘涛	sold	青岛	0000029.40	20240311
成都#20241227#C1842	C1842	比亚迪	林洋	sold	成都	0000016.80	20241227
武汉#20240830#C1843	C1843	特斯拉	王强	sold	武汉	0000037.50	20240830
北京#20240330#C1844	C1844	宝马	吴洋	sold	北京	0000046.60	20240330
南京#20241225#C1845	C1845	蔚来	陈丽	sold	南京	0000037.10	20241225
重庆#20241019#C1846	C1846	蔚来	郑洋	sold	重庆	0000038.80	20241019
成都#20240704#C1847	C1847	小鹏	王军	sold	成都	0000015.70	20240704
武汉#20240816#C1848	C1848	奔驰	周敏	sold	武汉	0000047.90	20240816
重庆#20240712#C1849	C1849	丰田	刘丽	pending	重庆	0000041.40	20240712
郑州#20240721#C1850	C1850	丰田	郑宁	pending	郑州	0000029.50	20240721
杭州#20240408#C1851	C1851	大众	沈芳	sold	杭州	0000019.10	20240408
北京#20240723#C1852	C1852	理想	王鹏	pending	北京	0000038.90	20240723
青岛#20240515#C1853	C1853	奔驰	李涛	sold	青岛	0000059.10	20240515
苏州#20240825#C1854	C1854	五菱	杨静	pending	苏州	0000011.60	20240825
深圳#20240404#C1855	C1855	五菱	孙伟	sold	深圳	0000011.60	20240404
沈阳#20241123#C1856	C1856	长城	陈涛	sold	沈阳	0000023.90	20241123
成都#20240727#C1857	C1857	五菱	吴杰	pending	成都	0000013.10	20240727
苏州#20240720#C1858	C1858	奔驰	唐伟	pending	苏州	0000102.70	20240720
长沙#20240420#C1859	C1859	特斯拉	王军	sold	长沙	0000043.60	20240420
武汉#20240709#C1860	C1860	丰田	杨丽	pending	武汉	0000030.00	20240709
昆明#20240406#C1861	C1861	长城	郑鹏	sold	昆明	0000017.60	20240406
南京#20240425#C1862	C1862	奥迪	刘颖	sold	南京	0000025.20	20240425
杭州#20240117#C1863	C1863	宝马	吴鹏	sold	杭州	0000047.00	20240117
深圳#20240320#C1864	C1864	特斯拉	杨娜	pending	深圳	0000028.90	20240320
广州#20240516#C1865	C1865	奥迪	王芳	pending	广州	0000063.40	20240516
昆明#20240113#C1866	C1866	大众	王鹏	sold	昆明	0000029.10	20240113
郑州#20240720#C1867	C1867	长安	沈芳	sold	郑州	0000013.70	20240720
南京#20240724#C1868	C1868	比亚迪	郭涛	pending	南京	0000019.20	20240724
郑州#20240227#C1869	C1869	长安	唐静	sold	郑州	0000007.60	20240227
西安#20240614#C1870	C1870	本田	李杰	pending	西安	0000013.20	20240614
深圳#20241228#C1871	C1871	大众	沈鹏	sold	深圳	0000026.30	20241228
南京#20241007#C1872	C1872	长城	郭伟	sold	南京	0000024.50	20241007
青岛#20241021#C1873	C1873	丰田	吴伟	pending	青岛	0000019.80	20241021
成都#20240725#C1874	C1874	本田	赵洋	sold	成都	0000017.90	20240725
武汉#20240624#C1875	C1875	大众	周宁	pending	武汉	0000027.90	20240624
宁波#20240815#C1876	C1876	特斯拉	郑涛	pending	宁波	0000051.50	20240815
苏州#20241008#C1877	C1877	大众	周宁	sold	苏州	0000023.70	20241008
青岛#20240528#C1878	C1878	蔚来	沈芳	pending	青岛	0000050.00	20240528
南京#20240730#C1879	C1879	蔚来	唐鹏	sold	南京	0000039.00	20240730
昆明#20240929#C1880	C1880	宝马	杨宁	pending	昆明	0000061.60	20240929
深圳#20241019#C1881	C1881	宝马	周静	sold	深圳	0000071.20	20241019
北京#20240115#C1882	C1882	长城	王丽	sold	北京	0000016.40	20240115
昆明#20240721#C1883	C1883	奥迪	吴杰	sold	昆明	0000060.20	20240721
成都#20240705#C1884	C1884	奥迪	赵敏	sold	成都	0000045.20	20240705
武汉#20240427#C1885	C1885	蔚来	沈娜	sold	武汉	0000050.90	20240427
广州#20241024#C1886	C1886	理想	李伟	sold	广州	0000028.50	20241024
长沙#20240314#C1887	C1887	本田	唐强	pending	长沙	0000018.70	20240314
宁波#20240420#C1888	C1888	大众	唐娜	sold	宁波	0000023.40	20240420
上海#20240820#C1889	C1889	宝马	吴敏	sold	上海	0000068.50	20240820
上海#20240515#C1890	C1890	奥迪	郭颖	sold	上海	0000054.00	20240515
昆明#20240101#C1891	C1891	长城	沈伟	pending	昆明	0000022.90	20240101
武汉#20240717#C1892	C1892	比亚迪	赵宁	sold	武汉	0000025.60	20240717
北京#20241012#C1893	C1893	理想	郑鹏	sold	北京	0000041.00	20241012
广州#20240907#C1894	C1894	大众	赵洋	sold	广州	0000019.90	20240907
长沙#20240614#C1895	C1895	大众	孙超	sold	长沙	0000011.00	20240614
长沙#20240321#C1896	C1896	比亚迪	王颖	pending	长沙	0000017.00	20240321
武汉#20241117#C1897	C1897	丰田	刘强	sold	武汉	0000026.20	20241117
北京#20240505#C1898	C1898	理想	吴敏	sold	北京	0000037.60	20240505
宁波#20240323#C1899	C1899	长城	赵芳	sold	宁波	0000011.70	20240323
昆明#20241229#C1900	C1900	丰田	吴超	sold	昆明	0000016.00	20241229
杭州#20241206#C1901	C1901	大众	林强	sold	杭州	0000018.50	20241206
成都#20240219#C1902	C1902	理想	陈颖	sold	成都	0000046.80	20240219
长沙#20241017#C1903	C1903	理想	林强	sold	长沙	0000039.50	20241017
长沙#20240824#C1904	C1904	五菱	唐伟	sold	长沙	0000007.70	20240824
武汉#20240929#C1905	C1905	理想	孙敏	sold	武汉	0000042.20	20240929
沈阳#20241120#C1906	C1906	长安	孙静	sold	沈阳	0000012.10	20241120
长沙#20240217#C1907	C1907	理想	吴鹏	sold	长沙	0000030.40	20240217
上海#20240305#C1908	C1908	小鹏	张超	sold	上海	0000039.30	20240305
青岛#20241016#C1909	C1909	奔驰	孙超	sold	青岛	0000036.40	20241016
西安#20241119#C1910	C1910	比亚迪	林敏	sold	西安	0000024.20	20241119
青岛#20241007#C1911	C1911	长城	周超	pending	青岛	0000018.30	20241007
杭州#20241217#C1912	C1912	奥迪	周敏	pending	杭州	0000039.30	20241217
上海#20240812#C1913	C1913	丰田	陈静	sold	上海	0000028.90	20240812
郑州#20240710#C1914	C1914	蔚来	李超	pending	郑州	0000038.60	20240710
西安#20240819#C1915	C1915	吉利	陈敏	sold	西安	0000019.10	20240819
沈阳#20240902#C1916	C1916	长安	刘敏	sold	沈阳	0000010.20	20240902
武汉#20240106#C1917	C1917	蔚来	赵敏	pending	武汉	0000037.40	20240106
深圳#20241115#C1918	C1918	奔驰	郑伟	sold	深圳	0000081.10	20241115
青岛#20241126#C1919	C1919	小鹏	刘鹏	sold	青岛	0000035.70	20241126
成都#20240921#C1920	C1920	丰田	吴超	pending	成都	0000031.00	20240921
北京#20240524#C1921	C1921	宝马	吴敏	sold	北京	0000078.80	20240524
广州#20240908#C1922	C1922	蔚来	林娜	pending	广州	0000055.30	20240908
长沙#20240305#C1923	C1923	宝马	郭军	pending	长沙	0000049.00	20240305
南京#20241029#C1924	C1924	奔驰	陈芳	sold	南京	0000062.40	20241029
成都#20240227#C1925	C1925	理想	林杰	sold	成都	0000041.60	20240227
南京#20240908#C1926	C1926	小鹏	王涛	pending	南京	0000024.80	20240908
宁波#20240908#C1927	C1927	五菱	赵杰	sold	宁波	0000009.40	20240908
成都#20240310#C1928	C1928	比亚迪	林宁	sold	成都	0000007.00	20240310
昆明#20240301#C1929	C1929	长安	郑芳	sold	昆明	0000015.20	20240301
西安#20240803#C1930	C1930	比亚迪	周静	pending	西安	0000011.30	20240803
苏州#20240705#C1931	C1931	宝马	郭宁	sold	苏州	0000028.70	20240705
杭州#20240510#C1932	C1932	长城	王涛	pending	杭州	0000025.20	20240510
南京#20240318#C1933	C1933	蔚来	赵涛	pending	南京	0000043.60	20240318
北京#20241208#C1934	C1934	理想	陈娜	sold	北京	0000038.40	20241208
武汉#20240411#C1935	C1935	特斯拉	沈丽	sold	武汉	0000026.20	20240411
杭州#20240311#C1936	C1936	理想	周超	sold	杭州	0000046.10	20240311
昆明#20240901#C1937	C1937	蔚来	赵颖	pending	昆明	0000049.60	20240901
沈阳#20241211#C1938	C1938	宝马	杨敏	sold	沈阳	0000066.20	20241211
西安#20240108#C1939	C1939	五菱	赵伟	sold	西安	0000009.40	20240108
西安#20241116#C1940	C1940	长城	郭超	sold	西安	0000020.10	20241116
沈阳#20240605#C1941	C1941	五菱	郑杰	pending	沈阳	0000007.70	20240605
成都#20240519#C1942	C1942	本田	沈强	sold	成都	0000027.40	20240519
成都#20241009#C1943	C1943	大众	吴强	sold	成都	0000014.00	20241009
杭州#20240423#C1944	C1944	特斯拉	杨强	sold	杭州	0000038.90	20240423
长沙#20241114#C1945	C1945	蔚来	孙涛	sold	长沙	0000039.40	20241114
杭州#20241103#C1946	C1946	小鹏	郑丽	pending	杭州	0000023.00	20241103
重庆#20240518#C1947	C1947	比亚迪	陈娜	pending	重庆	0000008.20	20240518
苏州#20240613#C1948	C1948	大众	郭涛	pending	苏州	0000023.90	20240613
昆明#20241018#C1949	C1949	宝马	郭敏	pending	昆明	0000073.60	20241018
杭州#20240915#C1950	C1950	奥迪	李敏	sold	杭州	0000060.70	20240915
成都#20240623#C1951	C1951	奔驰	唐静	sold	成都	0000076.20	20240623
西安#20240530#C1952	C1952	长安	王鹏	sold	西安	0000013.10	20240530
青岛#20240430#C1953	C1953	奔驰	王强	sold	青岛	0000078.90	20240430
苏州#20240712#C1954	C1954	长城	周杰	sold	苏州	0000017.70	20240712
杭州#20240522#C1955	C1955	大众	李军	pending	杭州	0000017.30	20240522
宁波#20241008#C1956	C1956	奥迪	孙静	sold	宁波	0000037.60	20241008
宁波#20241029#C1957	C1957	小鹏	吴杰	sold	宁波	0000025.60	20241029
长沙#20240717#C1958	C1958	理想	王鹏	sold	长沙	0000045.70	20240717
重庆#20240202#C1959	C1959	奔驰	周敏	sold	重庆	0000080.70	20240202
广州#20240615#C1960	C1960	五菱	孙丽	pending	广州	0000011.60	20240615
西安#20240522#C1961	C1961	奔驰	沈杰	sold	西安	0000044.60	20240522
南京#20240803#C1962	C1962	长安	李超	sold	南京	0000008.10	20240803
杭州#20240715#C1963	C1963	小鹏	郑芳	pending	杭州	0000037.40	20240715
苏州#20240409#C1964	C1964	奔驰	张敏	sold	苏州	0000089.60	20240409
武汉#20240501#C1965	C1965	本田	郭鹏	pending	武汉	0000021.30	20240501
长沙#20240616#C1966	C1966	特斯拉	周静	sold	长沙	0000037.90	20240616
昆明#20240904#C1967	C1967	五菱	赵娜	sold	昆明	0000009.50	20240904
天津#20241120#C1968	C1968	宝马	唐洋	sold	天津	0000026.70	20241120
成都#20240228#C1969	C1969	五菱	林杰	pending	成都	0000007.40	20240228
成都#20241201#C1970	C1970	丰田	周强	pending	成都	0000036.10	20241201
昆明#20240127#C1971	C1971	宝马	吴超	sold	昆明	0000060.60	20240127
广州#20240604#C1972	C1972	理想	林敏	sold	广州	0000031.50	20240604
西安#20240928#C1973	C1973	丰田	沈涛	sold	西安	0000029.10	20240928
广州#20240710#C1974	C1974	丰田	赵静	pending	广州	0000030.50	20240710
苏州#20240305#C1975	C1975	长城	陈芳	sold	苏州	0000017.90	20240305
宁波#20240705#C1976	C1976	五菱	林超	pending	宁波	0000008.10	20240705
武汉#20240708#C1977	C1977	奔驰	郭军	sold	武汉	0000094.10	20240708
南京#20240815#C1978	C1978	本田	陈超	sold	南京	0000014.70	20240815
重庆#20240106#C1979	C1979	比亚迪	沈芳	sold	重庆	0000011.10	20240106
长沙#20240429#C1980	C1980	长城	赵强	sold	长沙	0000024.10	20240429
长沙#20240602#C1981	C1981	特斯拉	刘洋	sold	长沙	0000031.40	20240602
杭州#20240321#C1982	C1982	奥迪	杨伟	sold	杭州	0000049.10	20240321
天津#20240330#C1983	C1983	特斯拉	张宁	sold	天津	0000036.20	20240330
沈阳#20240524#C1984	C1984	吉利	陈杰	pending	沈阳	0000017.50	20240524
北京#20241031#C1985	C1985	奥迪	郑颖	sold	北京	0000054.60	20241031
杭州#20241211#C1986	C1986	大众	王杰	sold	杭州	0000022.50	20241211
沈阳#20241221#C1987	C1987	小鹏	郑超	pending	沈阳	0000041.00	20241221
深圳#20240607#C1988	C1988	小鹏	赵鹏	sold	深圳	0000017.50	20240607
天津#20240608#C1989	C1989	理想	张芳	pending	天津	0000051.70	20240608
昆明#20240420#C1990	C1990	宝马	周芳	pending	昆明	0000083.80	20240420
南京#20240107#C1991	C1991	奥迪	赵宁	sold	南京	0000039.70	20240107
天津#20241026#C1992	C1992	小鹏	刘涛	sold	天津	0000032.00	20241026
杭州#20240312#C1993	C1993	比亚迪	唐强	pending	杭州	0000024.30	20240312
宁波#20240917#C1994	C1994	五菱	郭超	sold	宁波	0000008.70	20240917
广州#20241115#C1995	C1995	长城	郑杰	pending	广州	0000014.10	20241115
深圳#20240519#C1996	C1996	大众	杨强	sold	深圳	0000022.30	20240519
长沙#20240812#C1997	C1997	理想	沈超	sold	长沙	0000028.20	20240812
苏州#20240902#C1998	C1998	本田	赵娜	sold	苏州	0000026.10	20240902
成都#20240724#C1999	C1999	蔚来	郑伟	pending	成都	0000052.40	20240724
宁波#20240123#C2000	C2000	长安	林芳	pending	宁波	0000012.90	20240123
